Column,Latitude,Longitude,Timestamp
0,50.377202,-4.146771,1553616777
1,50.377238,-4.146513,1553616778
2,50.377213,-4.146726,1553616780
3,50.377535,-4.146895,1553616782
4,50.377591,-4.146855,1553616783
5,50.377545,-4.14685,1553616784
6,50.377495,-4.146838,1553616785
7,50.377462,-4.146849,1553616787
8,50.377464,-4.146899,1553616789
9,50.377448,-4.146935,1553616792
10,50.377434,-4.146977,1553616794
11,50.377429,-4.147026,1553616798
12,50.377439,-4.147079,1553616801
13,50.377428,-4.147133,1553616804
14,50.377422,-4.147194,1553616807
15,50.377427,-4.147236,1553616809
16,50.377436,-4.147281,1553616811
17,50.377442,-4.147324,1553616813
18,50.377447,-4.147373,1553616816
19,50.377459,-4.147426,1553616819
20,50.377462,-4.147482,1553616822
21,50.377461,-4.147537,1553616824
22,50.377465,-4.147597,1553616827
23,50.377438,-4.147638,1553616830
24,50.377422,-4.14768,1553616833
25,50.377423,-4.147732,1553616836
26,50.377426,-4.147777,1553616838
27,50.377429,-4.147824,1553616840
28,50.377428,-4.147875,1553616842
29,50.377431,-4.147919,1553616844
30,50.377436,-4.14798,1553616847
31,50.377451,-4.148028,1553616850
32,50.377474,-4.148052,1553616854
33,50.377506,-4.148061,1553616856
34,50.377537,-4.148079,1553616859
35,50.377544,-4.148123,1553616864
36,50.377568,-4.148155,1553616867
37,50.377581,-4.1482,1553616870
38,50.377579,-4.148247,1553616872
39,50.377566,-4.148302,1553616874
40,50.377555,-4.148356,1553616876
41,50.377539,-4.148412,1553616879
42,50.377525,-4.148476,1553616882
43,50.377521,-4.148526,1553616884
44,50.377509,-4.148587,1553616887
45,50.377508,-4.148632,1553616889
46,50.37751,-4.148682,1553616891
47,50.377506,-4.148728,1553616893
48,50.377492,-4.148787,1553616896
49,50.377488,-4.148852,1553616899
50,50.377493,-4.1489,1553616901
51,50.37749,-4.148943,1553616903
52,50.377472,-4.148997,1553616906
53,50.377468,-4.149039,1553616908
54,50.377463,-4.149098,1553616911
55,50.377456,-4.149156,1553616914
56,50.37745,-4.149215,1553616917
57,50.377442,-4.149262,1553616920
58,50.377437,-4.149325,1553616923
59,50.377432,-4.149375,1553616925
60,50.377427,-4.149422,1553616928
61,50.377428,-4.149474,1553616931
62,50.37743,-4.149539,1553616934
63,50.377425,-4.149582,1553616936
64,50.37742,-4.149646,1553616939
65,50.377405,-4.149697,1553616941
66,50.377402,-4.149743,1553616943
67,50.377394,-4.149795,1553616946
68,50.377385,-4.149837,1553616949
69,50.377382,-4.149887,1553616951
70,50.377376,-4.149944,1553616954
71,50.377365,-4.149992,1553616956
72,50.377356,-4.150037,1553616958
73,50.37735,-4.150081,1553616960
74,50.377346,-4.150144,1553616963
75,50.37735,-4.150209,1553616966
76,50.37735,-4.150252,1553616968
77,50.377355,-4.150303,1553616971
78,50.377343,-4.150344,1553616973
79,50.377339,-4.150386,1553616975
80,50.377336,-4.15044,1553616978
81,50.377315,-4.150487,1553616981
82,50.377309,-4.150529,1553616985
83,50.37733,-4.15057,1553616987
84,50.377385,-4.15056,1553616994
85,50.377355,-4.150644,1553616996
86,50.377335,-4.150677,1553616997
87,50.377316,-4.150713,1553616998
88,50.377293,-4.150782,1553616999
89,50.377273,-4.150829,1553617000
90,50.377251,-4.150892,1553617001
91,50.377218,-4.15096,1553617003
92,50.377205,-4.151,1553617004
93,50.377197,-4.151053,1553617005
94,50.377197,-4.151116,1553617008
95,50.377223,-4.151139,1553617010
96,50.377232,-4.151181,1553617013
97,50.377251,-4.151231,1553617017
98,50.377255,-4.151283,1553617020
99,50.377264,-4.151331,1553617023
100,50.377279,-4.151375,1553617026
101,50.377289,-4.151429,1553617030
102,50.377313,-4.151476,1553617034
103,50.377326,-4.15153,1553617037
104,50.377326,-4.151576,1553617039
105,50.377329,-4.15162,1553617041
106,50.377333,-4.151676,1553617044
107,50.377336,-4.15174,1553617047
108,50.37734,-4.151785,1553617049
109,50.377343,-4.151833,1553617051
110,50.377343,-4.151876,1553617053
111,50.37735,-4.151939,1553617056
112,50.377355,-4.151982,1553617058
113,50.377354,-4.152039,1553617061
114,50.377352,-4.152093,1553617064
115,50.377346,-4.15214,1553617066
116,50.377359,-4.152185,1553617069
117,50.377364,-4.15223,1553617071
118,50.37736,-4.152286,1553617073
119,50.377358,-4.152355,1553617076
120,50.377351,-4.152412,1553617079
121,50.37735,-4.152468,1553617082
122,50.377359,-4.152528,1553617085
123,50.377367,-4.152571,1553617087
124,50.377383,-4.152626,1553617090
125,50.377392,-4.152684,1553617093
126,50.37739,-4.152727,1553617095
127,50.377397,-4.152781,1553617098
128,50.37741,-4.152823,1553617101
129,50.377416,-4.152864,1553617103
130,50.377418,-4.152927,1553617106
131,50.377423,-4.152981,1553617109
132,50.377427,-4.153038,1553617112
133,50.377427,-4.153095,1553617115
134,50.377433,-4.153153,1553617118
135,50.377452,-4.153189,1553617120
136,50.377471,-4.153245,1553617123
137,50.377483,-4.153286,1553617125
138,50.377492,-4.153344,1553617128
139,50.377494,-4.153412,1553617131
140,50.377501,-4.153481,1553617134
141,50.377517,-4.153528,1553617137
142,50.377521,-4.153578,1553617139
143,50.377527,-4.153623,1553617141
144,50.377544,-4.15367,1553617144
145,50.377549,-4.153723,1553617147
146,50.377554,-4.153765,1553617149
147,50.377558,-4.153817,1553617151
148,50.37757,-4.153877,1553617154
149,50.377585,-4.153917,1553617156
150,50.377597,-4.153972,1553617159
151,50.377609,-4.154011,1553617162
152,50.377622,-4.154061,1553617166
153,50.377637,-4.154107,1553617169
154,50.377653,-4.154158,1553617172
155,50.377666,-4.154204,1553617174
156,50.377689,-4.15425,1553617177
157,50.377706,-4.154299,1553617180
158,50.377728,-4.154343,1553617183
159,50.377746,-4.154394,1553617186
160,50.377777,-4.154433,1553617189
161,50.377798,-4.154473,1553617191
162,50.377815,-4.154526,1553617195
163,50.377835,-4.154568,1553617197
164,50.377861,-4.154594,1553617199
165,50.377889,-4.154614,1553617202
166,50.377894,-4.154672,1553617206
167,50.377872,-4.154698,1553617224
168,50.377856,-4.154735,1553617237
169,50.377876,-4.154764,1553617244
170,50.377897,-4.154792,1553617247
171,50.377925,-4.154838,1553617251
172,50.377946,-4.154873,1553617253
173,50.377973,-4.154906,1553617255
174,50.377992,-4.154952,1553617258
175,50.378011,-4.155002,1553617261
176,50.378025,-4.155051,1553617264
177,50.378032,-4.155101,1553617267
178,50.378039,-4.155143,1553617269
179,50.378052,-4.155191,1553617272
180,50.378063,-4.155233,1553617274
181,50.378077,-4.155278,1553617277
182,50.378089,-4.155319,1553617279
183,50.378109,-4.155365,1553617282
184,50.378133,-4.155397,1553617286
185,50.378138,-4.155446,1553617289
186,50.378146,-4.1555,1553617292
187,50.378144,-4.155553,1553617295
188,50.378144,-4.15561,1553617298
189,50.378151,-4.155668,1553617301
190,50.378152,-4.15573,1553617304
191,50.378153,-4.155787,1553617307
192,50.378153,-4.155831,1553617310
193,50.378149,-4.155891,1553617313
194,50.378155,-4.155945,1553617316
195,50.378152,-4.155991,1553617319
196,50.37816,-4.156047,1553617322
197,50.378169,-4.156101,1553617325
198,50.378182,-4.156145,1553617328
199,50.378196,-4.156186,1553617331
200,50.378191,-4.156253,1553617334
201,50.378187,-4.156324,1553617336
202,50.378179,-4.156375,1553617338
203,50.378177,-4.15642,1553617341
204,50.378188,-4.15647,1553617344
205,50.378185,-4.156528,1553617346
206,50.378177,-4.15659,1553617349
207,50.378181,-4.156638,1553617352
208,50.378172,-4.156707,1553617357
209,50.378166,-4.156751,1553617359
210,50.378159,-4.156808,1553617362
211,50.378155,-4.15685,1553617364
212,50.378149,-4.156901,1553617366
213,50.378128,-4.156958,1553617369
214,50.378108,-4.157001,1553617372
215,50.378091,-4.157033,1553617374
216,50.378074,-4.157085,1553617377
217,50.378057,-4.157126,1553617380
218,50.378045,-4.157165,1553617383
219,50.378047,-4.157218,1553617387
220,50.378044,-4.157286,1553617389
221,50.378036,-4.157338,1553617392
222,50.37803,-4.157379,1553617394
223,50.378044,-4.157424,1553617397
224,50.378049,-4.157467,1553617400
225,50.378046,-4.157522,1553617403
226,50.377913,-4.158117,1553617643
227,50.377891,-4.157965,1553617645
228,50.377899,-4.158011,1553617648
229,50.37789,-4.158057,1553617651
230,50.377875,-4.158108,1553617655
231,50.377861,-4.158146,1553617657
232,50.37785,-4.15819,1553617660
233,50.377833,-4.158245,1553617663
234,50.377819,-4.158297,1553617666
235,50.377802,-4.158346,1553617669
236,50.377793,-4.158396,1553617672
237,50.377778,-4.158444,1553617675
238,50.37777,-4.158486,1553617677
239,50.377761,-4.158527,1553617680
240,50.377749,-4.158592,1553617683
241,50.377742,-4.158633,1553617685
242,50.377737,-4.158681,1553617688
243,50.377727,-4.158738,1553617691
244,50.377716,-4.158795,1553617694
245,50.377707,-4.158835,1553617696
246,50.377699,-4.158877,1553617698
247,50.377692,-4.158939,1553617701
248,50.377686,-4.15899,1553617704
249,50.377672,-4.159032,1553617707
250,50.377654,-4.159072,1553617710
251,50.377634,-4.159103,1553617714
252,50.377622,-4.159148,1553617718
253,50.377614,-4.159208,1553617721
254,50.377611,-4.159261,1553617724
255,50.377606,-4.159307,1553617726
256,50.377596,-4.159353,1553617727
257,50.377586,-4.159407,1553617730
258,50.377579,-4.159462,1553617733
259,50.377568,-4.159517,1553617736
260,50.377562,-4.159574,1553617739
261,50.377553,-4.159614,1553617741
262,50.377542,-4.159656,1553617743
263,50.377528,-4.159708,1553617746
264,50.377517,-4.159766,1553617749
265,50.377508,-4.159821,1553617752
266,50.377501,-4.159877,1553617755
267,50.377493,-4.159918,1553617757
268,50.37749,-4.159961,1553617759
269,50.377485,-4.160009,1553617761
270,50.377475,-4.160078,1553617764
271,50.377468,-4.16013,1553617767
272,50.37746,-4.160177,1553617769
273,50.377453,-4.160223,1553617771
274,50.377444,-4.160272,1553617773
275,50.377432,-4.160329,1553617776
276,50.377426,-4.160371,1553617778
277,50.377414,-4.160422,1553617781
278,50.377409,-4.160477,1553617784
279,50.377402,-4.16052,1553617787
280,50.377403,-4.160566,1553617790
281,50.377393,-4.160625,1553617793
282,50.377383,-4.160668,1553617795
283,50.377378,-4.160714,1553617799
284,50.377375,-4.160761,1553617801
285,50.377369,-4.160811,1553617803
286,50.377364,-4.160855,1553617805
287,50.37738,-4.160891,1553617809
288,50.3774,-4.16093,1553617812
289,50.377412,-4.160974,1553617814
290,50.377442,-4.161018,1553617817
291,50.377476,-4.161043,1553617820
292,50.3775,-4.161059,1553617822
293,50.377534,-4.161087,1553617826
294,50.377557,-4.161111,1553617829
295,50.377587,-4.161135,1553617832
296,50.377624,-4.161161,1553617835
297,50.377659,-4.161188,1553617838
298,50.377696,-4.161202,1553617840
299,50.377725,-4.161212,1553617842
300,50.377759,-4.161233,1553617845
301,50.377789,-4.161254,1553617848
302,50.377816,-4.161271,1553617850
303,50.377842,-4.16129,1553617852
304,50.377877,-4.16132,1553617855
305,50.377904,-4.161353,1553617857
306,50.377934,-4.161377,1553617860
307,50.377968,-4.161396,1553617863
308,50.378001,-4.161407,1553617866
309,50.378032,-4.161422,1553617869
310,50.378063,-4.161444,1553617873
311,50.378093,-4.16149,1553617876
312,50.378121,-4.16152,1553617878
313,50.378147,-4.161541,1553617880
314,50.378175,-4.161571,1553617883
315,50.378207,-4.161608,1553617886
316,50.378239,-4.161641,1553617889
317,50.378268,-4.16166,1553617891
318,50.378294,-4.16167,1553617893
319,50.378328,-4.161698,1553617895
320,50.378362,-4.161718,1553617897
321,50.378386,-4.161743,1553617899
322,50.37842,-4.161745,1553617902
323,50.37845,-4.161751,1553617904
324,50.378483,-4.161756,1553617907
325,50.378514,-4.161752,1553617909
326,50.378543,-4.161746,1553617911
327,50.378576,-4.161779,1553617914
328,50.3786,-4.161823,1553617917
329,50.37862,-4.161862,1553617920
330,50.378643,-4.161893,1553617923
331,50.378677,-4.161919,1553617926
332,50.378704,-4.161932,1553617928
333,50.37873,-4.161956,1553617931
334,50.378756,-4.161976,1553617933
335,50.37878,-4.161996,1553617935
336,50.378816,-4.162027,1553617938
337,50.378844,-4.162043,1553617940
338,50.378873,-4.16207,1553617943
339,50.378901,-4.162083,1553617945
340,50.378925,-4.162106,1553617948
341,50.378948,-4.162135,1553617951
342,50.378979,-4.162155,1553617954
343,50.379006,-4.162173,1553617956
344,50.379033,-4.162196,1553617959
345,50.379074,-4.162199,1553617963
346,50.379111,-4.162204,1553617966
347,50.379133,-4.162237,1553617969
348,50.379156,-4.162288,1553617972
349,50.379188,-4.162309,1553617975
350,50.379222,-4.162326,1553617977
351,50.379253,-4.162343,1553617979
352,50.379279,-4.162367,1553617981
353,50.379309,-4.162386,1553617984
354,50.379333,-4.16242,1553617987
355,50.379355,-4.162452,1553617990
356,50.379381,-4.162466,1553617992
357,50.379405,-4.162503,1553617995
358,50.379433,-4.162525,1553617997
359,50.379463,-4.162542,1553618000
360,50.379502,-4.162559,1553618003
361,50.379529,-4.162591,1553618006
362,50.379554,-4.162623,1553618008
363,50.379579,-4.162644,1553618010
364,50.379607,-4.162671,1553618012
365,50.379643,-4.162699,1553618015
366,50.379669,-4.162722,1553618018
367,50.379691,-4.162754,1553618020
368,50.379724,-4.162783,1553618023
369,50.379758,-4.162811,1553618026
370,50.379785,-4.162833,1553618028
371,50.379815,-4.162848,1553618031
372,50.379852,-4.162857,1553618034
373,50.379886,-4.16287,1553618037
374,50.379918,-4.162889,1553618040
375,50.379947,-4.162912,1553618043
376,50.379973,-4.162934,1553618046
377,50.379998,-4.16296,1553618048
378,50.380028,-4.16298,1553618051
379,50.380059,-4.162996,1553618054
380,50.380092,-4.163022,1553618057
381,50.380121,-4.163046,1553618060
382,50.380156,-4.163068,1553618063
383,50.380189,-4.163094,1553618065
384,50.380219,-4.163109,1553618068
385,50.38025,-4.163121,1553618071
386,50.380281,-4.163149,1553618074
387,50.380315,-4.163172,1553618077
388,50.380366,-4.163201,1553618080
389,50.38039,-4.163223,1553618081
390,50.380427,-4.163247,1553618085
391,50.380461,-4.163263,1553618088
392,50.380484,-4.163297,1553618090
393,50.380516,-4.163318,1553618093
394,50.380554,-4.163329,1553618096
395,50.380578,-4.163355,1553618098
396,50.380603,-4.163378,1553618101
397,50.380634,-4.163408,1553618104
398,50.380667,-4.163428,1553618107
399,50.380699,-4.16345,1553618110
400,50.380727,-4.163469,1553618112
401,50.380755,-4.163484,1553618115
402,50.380786,-4.163505,1553618118
403,50.380812,-4.163518,1553618120
404,50.380848,-4.163541,1553618123
405,50.380873,-4.163559,1553618125
406,50.380898,-4.163582,1553618128
407,50.38093,-4.163609,1553618131
408,50.380965,-4.163635,1553618134
409,50.381001,-4.163659,1553618137
410,50.38104,-4.163678,1553618140
411,50.381076,-4.163698,1553618143
412,50.381109,-4.163716,1553618146
413,50.381135,-4.163733,1553618148
414,50.381163,-4.163756,1553618150
415,50.381193,-4.163778,1553618152
416,50.381219,-4.163795,1553618154
417,50.381245,-4.163817,1553618156
418,50.381278,-4.16383,1553618159
419,50.381309,-4.16382,1553618163
420,50.381332,-4.163863,1553618166
421,50.381353,-4.163899,1553618169
422,50.381385,-4.163914,1553618172
423,50.381418,-4.163944,1553618175
424,50.381446,-4.163962,1553618177
425,50.381477,-4.16399,1553618180
426,50.381508,-4.16401,1553618183
427,50.381544,-4.164027,1553618186
428,50.381578,-4.164051,1553618189
429,50.381618,-4.164074,1553618192
430,50.381652,-4.1641,1553618195
431,50.381681,-4.164136,1553618198
432,50.381718,-4.16415,1553618201
433,50.381743,-4.164164,1553618203
434,50.38177,-4.164177,1553618205
435,50.381808,-4.164195,1553618208
436,50.381831,-4.164223,1553618210
437,50.381858,-4.16426,1553618212
438,50.381882,-4.164282,1553618214
439,50.381907,-4.164312,1553618216
440,50.381945,-4.164335,1553618219
441,50.381972,-4.164348,1553618221
442,50.381999,-4.164359,1553618223
443,50.382028,-4.164382,1553618226
444,50.382059,-4.164411,1553618229
445,50.382098,-4.164429,1553618232
446,50.382139,-4.164445,1553618234
447,50.382166,-4.164461,1553618235
448,50.38219,-4.164491,1553618237
449,50.382222,-4.164476,1553618241
450,50.382249,-4.164456,1553618244
451,50.382286,-4.164458,1553618272
452,50.382311,-4.164483,1553618274
453,50.382327,-4.164522,1553618276
454,50.382343,-4.164562,1553618279
455,50.382367,-4.164592,1553618282
456,50.382391,-4.164617,1553618285
457,50.382425,-4.164652,1553618289
458,50.382471,-4.164667,1553618292
459,50.382522,-4.164682,1553618294
460,50.38255,-4.164692,1553618296
461,50.382579,-4.164699,1553618298
462,50.382614,-4.164717,1553618300
463,50.382639,-4.164747,1553618302
464,50.382661,-4.164772,1553618304
465,50.382685,-4.164815,1553618307
466,50.382704,-4.164862,1553618310
467,50.382731,-4.1649,1553618313
468,50.382761,-4.164936,1553618316
469,50.382787,-4.164963,1553618319
470,50.382815,-4.165008,1553618322
471,50.382844,-4.165036,1553618325
472,50.382866,-4.16507,1553618328
473,50.382888,-4.165101,1553618331
474,50.382905,-4.165134,1553618333
475,50.382924,-4.165165,1553618335
476,50.382953,-4.165201,1553618337
477,50.382967,-4.165238,1553618339
478,50.382976,-4.165293,1553618342
479,50.382992,-4.165351,1553618345
480,50.383016,-4.165384,1553618349
481,50.38304,-4.165411,1553618352
482,50.383066,-4.165441,1553618355
483,50.383097,-4.165474,1553618358
484,50.383133,-4.165515,1553618361
485,50.383171,-4.165548,1553618364
486,50.383199,-4.165571,1553618366
487,50.383226,-4.165597,1553618369
488,50.383256,-4.165627,1553618372
489,50.383285,-4.165655,1553618375
490,50.383319,-4.165687,1553618378
491,50.383358,-4.165714,1553618381
492,50.383382,-4.165734,1553618383
493,50.383409,-4.165745,1553618385
494,50.383445,-4.165761,1553618388
495,50.383479,-4.165785,1553618391
496,50.383506,-4.1658,1553618393
497,50.383538,-4.165819,1553618396
498,50.383563,-4.165842,1553618398
499,50.383593,-4.165882,1553618401
500,50.383615,-4.165925,1553618404
501,50.383647,-4.165948,1553618407
502,50.383685,-4.165964,1553618410
503,50.383714,-4.165994,1553618413
504,50.383741,-4.166012,1553618415
505,50.383765,-4.166035,1553618417
506,50.383795,-4.166065,1553618419
507,50.383823,-4.166088,1553618421
508,50.383854,-4.166114,1553618424
509,50.383889,-4.16613,1553618427
510,50.383925,-4.166145,1553618430
511,50.383962,-4.16616,1553618433
512,50.383998,-4.166183,1553618436
513,50.384026,-4.166204,1553618438
514,50.384057,-4.166219,1553618440
515,50.38409,-4.166211,1553618442
516,50.384123,-4.166208,1553618444
517,50.384162,-4.166196,1553618446
518,50.384199,-4.166214,1553618449
519,50.384231,-4.166247,1553618452
520,50.384255,-4.16627,1553618454
521,50.384279,-4.166287,1553618456
522,50.384307,-4.166301,1553618458
523,50.384345,-4.166325,1553618461
0,50.377552,-4.154018,1553788974
1,50.377499,-4.154131,1553788975
2,50.377567,-4.154209,1553788976
3,50.377579,-4.154272,1553788979
4,50.377612,-4.154294,1553788980
5,50.377586,-4.154269,1553788981
6,50.377618,-4.154254,1553788985
7,50.377641,-4.154284,1553788988
8,50.377662,-4.154319,1553788991
9,50.377681,-4.154361,1553788994
10,50.3777,-4.154407,1553788997
11,50.377723,-4.154446,1553789000
12,50.37775,-4.154489,1553789002
13,50.377768,-4.154523,1553789004
14,50.377784,-4.154559,1553789007
15,50.377804,-4.154602,1553789011
16,50.377833,-4.15463,1553789014
17,50.377858,-4.154665,1553789017
18,50.37788,-4.15472,1553789020
19,50.377897,-4.154773,1553789022
20,50.37792,-4.154806,1553789024
21,50.378023,-4.156962,1553789171
22,50.378043,-4.157032,1553789173
23,50.378028,-4.157079,1553789178
24,50.378012,-4.157128,1553789181
25,50.378004,-4.157185,1553789185
26,50.378006,-4.157233,1553789188
27,50.378015,-4.157289,1553789191
28,50.378029,-4.15734,1553789194
29,50.378036,-4.157404,1553789198
30,50.378565,-4.159285,1553789546
31,50.378509,-4.159172,1553789547
32,50.378549,-4.159177,1553789548
33,50.378542,-4.159241,1553789550
34,50.378542,-4.159296,1553789553
35,50.378562,-4.15934,1553789556
36,50.378573,-4.159389,1553789559
37,50.378569,-4.159442,1553789562
38,50.378564,-4.159486,1553789564
39,50.378559,-4.159537,1553789566
40,50.378554,-4.159587,1553789569
41,50.378545,-4.15964,1553789573
42,50.378538,-4.159683,1553789575
43,50.37853,-4.159729,1553789578
44,50.378527,-4.159772,1553789581
45,50.378523,-4.159814,1553789584
46,50.378532,-4.159864,1553789587
47,50.378553,-4.159908,1553789590
48,50.378572,-4.159947,1553789593
49,50.37858,-4.159997,1553789596
50,50.378589,-4.160037,1553789599
51,50.37858,-4.1601,1553789603
52,50.378566,-4.160151,1553789606
53,50.378554,-4.160191,1553789608
54,50.378543,-4.160246,1553789611
55,50.378526,-4.1603,1553789614
56,50.378524,-4.160347,1553789616
57,50.378534,-4.160398,1553789619
58,50.378534,-4.160449,1553789622
59,50.378529,-4.160491,1553789624
60,50.378518,-4.160538,1553789626
61,50.378524,-4.160594,1553789629
62,50.378526,-4.160637,1553789631
63,50.378529,-4.160691,1553789634
64,50.378529,-4.160734,1553789636
65,50.378528,-4.160792,1553789639
66,50.378529,-4.160847,1553789642
67,50.378528,-4.16089,1553789644
68,50.378529,-4.16094,1553789647
69,50.378521,-4.160991,1553789650
70,50.378525,-4.161046,1553789653
71,50.378526,-4.16109,1553789656
72,50.378532,-4.161137,1553789659
73,50.378537,-4.161187,1553789662
74,50.378538,-4.161239,1553789664
75,50.378533,-4.161304,1553789667
76,50.378529,-4.161363,1553789670
77,50.378521,-4.161404,1553789672
78,50.378511,-4.16145,1553789675
79,50.378507,-4.1615,1553789680
80,50.378508,-4.161551,1553789684
81,50.37852,-4.161595,1553789686
82,50.37853,-4.161635,1553789688
83,50.37855,-4.161687,1553789691
84,50.378568,-4.161731,1553789693
85,50.378584,-4.161769,1553789695
86,50.378604,-4.161827,1553789698
87,50.378624,-4.161856,1553789700
88,50.378643,-4.16189,1553789702
89,50.378663,-4.16192,1553789704
90,50.378694,-4.161958,1553789707
91,50.378716,-4.161987,1553789709
92,50.378745,-4.162014,1553789712
93,50.378779,-4.162044,1553789715
94,50.37881,-4.162072,1553789718
95,50.378843,-4.162095,1553789721
96,50.378871,-4.162108,1553789723
97,50.378901,-4.162133,1553789725
98,50.378929,-4.162157,1553789728
99,50.378955,-4.162177,1553789731
100,50.378987,-4.162209,1553789734
101,50.379012,-4.162226,1553789737
102,50.379038,-4.162242,1553789739
103,50.379069,-4.162255,1553789742
104,50.379097,-4.162262,1553789745
105,50.379127,-4.16229,1553789748
106,50.379157,-4.162334,1553789751
107,50.379185,-4.162372,1553789754
108,50.379213,-4.162378,1553789756
109,50.379242,-4.162392,1553789758
110,50.379275,-4.162404,1553789760
111,50.379307,-4.162415,1553789763
112,50.379337,-4.162432,1553789766
113,50.379363,-4.16246,1553789769
114,50.379394,-4.162483,1553789772
115,50.379427,-4.162511,1553789775
116,50.379465,-4.162522,1553789778
117,50.379501,-4.162539,1553789781
118,50.379529,-4.162556,1553789783
119,50.379554,-4.162577,1553789785
120,50.379576,-4.162602,1553789787
121,50.379605,-4.162636,1553789790
122,50.379634,-4.16266,1553789793
123,50.379664,-4.162681,1553789797
124,50.379691,-4.162695,1553789799
125,50.379718,-4.162713,1553789801
126,50.379742,-4.162738,1553789803
127,50.379778,-4.162766,1553789806
128,50.379813,-4.162794,1553789809
129,50.379843,-4.162818,1553789812
130,50.379873,-4.162854,1553789815
131,50.379903,-4.162881,1553789818
132,50.379937,-4.162914,1553789821
133,50.379967,-4.162941,1553789825
134,50.379996,-4.162971,1553789828
135,50.380033,-4.162989,1553789831
136,50.380062,-4.163002,1553789833
137,50.380088,-4.163018,1553789835
138,50.380118,-4.163035,1553789837
139,50.380153,-4.163051,1553789840
140,50.380189,-4.16308,1553789843
141,50.380215,-4.163116,1553789846
142,50.380248,-4.163135,1553789849
143,50.38028,-4.163159,1553789852
144,50.380307,-4.163183,1553789855
145,50.380339,-4.163212,1553789858
146,50.380367,-4.163235,1553789861
147,50.380395,-4.163257,1553789864
148,50.38043,-4.163278,1553789867
149,50.380462,-4.163301,1553789870
150,50.380494,-4.163318,1553789873
151,50.380525,-4.163346,1553789876
152,50.38055,-4.163372,1553789879
153,50.38058,-4.163402,1553789882
154,50.380605,-4.163435,1553789885
155,50.380632,-4.16346,1553789888
156,50.380667,-4.163479,1553789892
157,50.380694,-4.163503,1553789895
158,50.380728,-4.163521,1553789898
159,50.380759,-4.163538,1553789901
160,50.380791,-4.163559,1553789904
161,50.380825,-4.163576,1553789907
162,50.380866,-4.16359,1553789910
163,50.380899,-4.163612,1553789913
164,50.380936,-4.163637,1553789916
165,50.380962,-4.163653,1553789918
166,50.380993,-4.163681,1553789921
167,50.381032,-4.163701,1553789924
168,50.381069,-4.163714,1553789927
169,50.381104,-4.163738,1553789930
170,50.381137,-4.163766,1553789933
171,50.381172,-4.163792,1553789936
172,50.381204,-4.163819,1553789939
173,50.381237,-4.163839,1553789942
174,50.381269,-4.163859,1553789945
175,50.381306,-4.163883,1553789948
176,50.381346,-4.163897,1553789951
177,50.381372,-4.163916,1553789953
178,50.38141,-4.163931,1553789956
179,50.38144,-4.163926,1553789958
180,50.381472,-4.163942,1553789960
181,50.381513,-4.16395,1553789963
182,50.381547,-4.163966,1553789966
183,50.381579,-4.163974,1553789969
184,50.381614,-4.164001,1553789972
185,50.381649,-4.164016,1553789975
186,50.381681,-4.164018,1553789978
187,50.381698,-4.164054,1553789981
188,50.381733,-4.164079,1553789984
189,50.381759,-4.164103,1553789986
190,50.381788,-4.164138,1553789990
191,50.381812,-4.16417,1553789993
192,50.381832,-4.1642,1553789995
193,50.381866,-4.164216,1553789998
194,50.381892,-4.16423,1553790000
195,50.381928,-4.164257,1553790003
196,50.381953,-4.164275,1553790005
197,50.381974,-4.164307,1553790007
198,50.381999,-4.164348,1553790010
199,50.382024,-4.16437,1553790012
200,50.382054,-4.164392,1553790015
201,50.382085,-4.164414,1553790018
202,50.382112,-4.164426,1553790020
203,50.382147,-4.164437,1553790022
204,50.382174,-4.164437,1553790025
205,50.382207,-4.164452,1553790028
206,50.382236,-4.164477,1553790031
207,50.382268,-4.164502,1553790033
208,50.382295,-4.164522,1553790035
209,50.382314,-4.164551,1553790037
210,50.382343,-4.164595,1553790040
211,50.382373,-4.164628,1553790043
212,50.382397,-4.164652,1553790045
213,50.382433,-4.164682,1553790048
214,50.382467,-4.164711,1553790051
215,50.382493,-4.164732,1553790053
216,50.382523,-4.16476,1553790056
217,50.38255,-4.164775,1553790058
218,50.382576,-4.16479,1553790060
219,50.382612,-4.164809,1553790063
220,50.382641,-4.164832,1553790066
221,50.382674,-4.164871,1553790069
222,50.382701,-4.164909,1553790071
223,50.382728,-4.164942,1553790073
224,50.382754,-4.164971,1553790075
225,50.382785,-4.165013,1553790078
226,50.382811,-4.165035,1553790080
227,50.382842,-4.165049,1553790082
228,50.382863,-4.165079,1553790084
229,50.382882,-4.165108,1553790086
230,50.382906,-4.165137,1553790088
231,50.382919,-4.165173,1553790090
232,50.382941,-4.165203,1553790092
233,50.382958,-4.165241,1553790094
234,50.382972,-4.165279,1553790096
235,50.382988,-4.165318,1553790098
236,50.383004,-4.165353,1553790100
237,50.383029,-4.165401,1553790103
238,50.383048,-4.165436,1553790105
239,50.383071,-4.165465,1553790107
240,50.383102,-4.165497,1553790110
241,50.383138,-4.16553,1553790113
242,50.38316,-4.165559,1553790115
243,50.383183,-4.165583,1553790117
244,50.383219,-4.165616,1553790120
245,50.383244,-4.165638,1553790122
246,50.38327,-4.165658,1553790124
247,50.383293,-4.165681,1553790126
248,50.383318,-4.165699,1553790128
249,50.383356,-4.165722,1553790131
250,50.383395,-4.165741,1553790134
251,50.383424,-4.165758,1553790136
252,50.383449,-4.165775,1553790138
253,50.383475,-4.165796,1553790141
254,50.383508,-4.1658,1553790144
255,50.383544,-4.165811,1553790147
256,50.383574,-4.165836,1553790149
257,50.383601,-4.165862,1553790151
258,50.383631,-4.165893,1553790154
259,50.383658,-4.165923,1553790157
260,50.383689,-4.165943,1553790160
261,50.38372,-4.165969,1553790163
262,50.383745,-4.165988,1553790165
263,50.383773,-4.166014,1553790167
264,50.383798,-4.166034,1553790169
265,50.383826,-4.166057,1553790171
266,50.383861,-4.166078,1553790173
267,50.383889,-4.166107,1553790175
268,50.383911,-4.166134,1553790177
269,50.383944,-4.166157,1553790180
270,50.383978,-4.166184,1553790183
271,50.384003,-4.166215,1553790185
272,50.38403,-4.166245,1553790187
273,50.384062,-4.166276,1553790190
274,50.384089,-4.166298,1553790193
275,50.384119,-4.166334,1553790196
276,50.384158,-4.166347,1553790199
277,50.384178,-4.166387,1553790202
278,50.384204,-4.166406,1553790204
279,50.384229,-4.166427,1553790206
280,50.384262,-4.166452,1553790209
281,50.384297,-4.166463,1553790212
282,50.384324,-4.166482,1553790214
283,50.384355,-4.166504,1553790216
284,50.384383,-4.166536,1553790218
285,50.384557,-4.166407,1553791429
286,50.384529,-4.166391,1553791441
287,50.384556,-4.166445,1553791720
288,50.384583,-4.166435,1553791747
289,50.384615,-4.166442,1553791761
290,50.384587,-4.166426,1553791774
291,50.384561,-4.166413,1553791849
0,50.376221,-4.144276,1553873763
1,50.376265,-4.144199,1553873768
2,50.376281,-4.144129,1553873769
3,50.376296,-4.144172,1553873773
4,50.376307,-4.144211,1553873775
5,50.37633,-4.144248,1553873778
6,50.376366,-4.144269,1553873781
7,50.376399,-4.144293,1553873784
8,50.376423,-4.144333,1553873788
9,50.37644,-4.144369,1553873790
10,50.376462,-4.144402,1553873792
11,50.376486,-4.144452,1553873795
12,50.376501,-4.1445,1553873798
13,50.376512,-4.144541,1553873801
14,50.376527,-4.144579,1553873804
15,50.376546,-4.14462,1553873807
16,50.376566,-4.14465,1553873809
17,50.376591,-4.144691,1553873812
18,50.376616,-4.144728,1553873815
19,50.376648,-4.144766,1553873818
20,50.376671,-4.144795,1553873820
21,50.376697,-4.144834,1553873823
22,50.37673,-4.144867,1553873826
23,50.376756,-4.144892,1553873828
24,50.376781,-4.144925,1553873830
25,50.3768,-4.144958,1553873832
26,50.376818,-4.145005,1553873835
27,50.376832,-4.145049,1553873838
28,50.376859,-4.14509,1553873841
29,50.376887,-4.145133,1553873844
30,50.376906,-4.145166,1553873846
31,50.376925,-4.145198,1553873848
32,50.376944,-4.145234,1553873850
33,50.376965,-4.145286,1553873853
34,50.376982,-4.145326,1553873855
35,50.376994,-4.145379,1553873858
36,50.377014,-4.14543,1553873861
37,50.37703,-4.145476,1553873864
38,50.377044,-4.145517,1553873866
39,50.377055,-4.145556,1553873868
40,50.377065,-4.145598,1553873871
41,50.377081,-4.145654,1553873874
42,50.377098,-4.145709,1553873877
43,50.377111,-4.145766,1553873880
44,50.377113,-4.145813,1553873882
45,50.377117,-4.145876,1553873885
46,50.377119,-4.145928,1553873887
47,50.377129,-4.145969,1553873888
48,50.377141,-4.146038,1553873890
49,50.377129,-4.146097,1553873893
50,50.377121,-4.146149,1553873895
51,50.377097,-4.146199,1553873897
52,50.377101,-4.146256,1553873905
53,50.377116,-4.146312,1553873908
54,50.37713,-4.146348,1553873910
55,50.377143,-4.146395,1553873912
56,50.377165,-4.146447,1553873914
57,50.37718,-4.146488,1553873915
58,50.377204,-4.146534,1553873917
59,50.37722,-4.146582,1553873919
60,50.377228,-4.146631,1553873921
61,50.377239,-4.146687,1553873923
62,50.377249,-4.14673,1553873925
63,50.377265,-4.146789,1553873928
64,50.377279,-4.146836,1553873931
65,50.37729,-4.14688,1553873933
66,50.3773,-4.146934,1553873936
67,50.377317,-4.146979,1553873938
68,50.377329,-4.147024,1553873940
69,50.377339,-4.147082,1553873943
70,50.37735,-4.147146,1553873946
71,50.377358,-4.147191,1553873948
72,50.377375,-4.147251,1553873951
73,50.377388,-4.14729,1553873953
74,50.3774,-4.147333,1553873955
75,50.377406,-4.147376,1553873957
76,50.377402,-4.147429,1553873959
77,50.377397,-4.147484,1553873961
78,50.377398,-4.147543,1553873964
79,50.377392,-4.147587,1553873966
80,50.377397,-4.147645,1553873969
81,50.377397,-4.147692,1553873971
82,50.377404,-4.147748,1553873974
83,50.377413,-4.147805,1553873977
84,50.377417,-4.14785,1553873979
85,50.377421,-4.147907,1553873982
86,50.377426,-4.14795,1553873984
87,50.377427,-4.147995,1553873987
88,50.377444,-4.148037,1553873992
89,50.377474,-4.148047,1553873994
90,50.377504,-4.148062,1553873996
91,50.37752,-4.148107,1553873999
92,50.377527,-4.148159,1553874005
93,50.377554,-4.148198,1553874012
94,50.377574,-4.148236,1553874014
95,50.377574,-4.148292,1553874016
96,50.377566,-4.148336,1553874018
97,50.377551,-4.148394,1553874021
98,50.377536,-4.148444,1553874024
99,50.377529,-4.1485,1553874027
100,50.377527,-4.148545,1553874029
101,50.377519,-4.148601,1553874032
102,50.377511,-4.148652,1553874035
103,50.377505,-4.148711,1553874038
104,50.377495,-4.148755,1553874040
105,50.377485,-4.1488,1553874042
106,50.377484,-4.148851,1553874045
107,50.377481,-4.148911,1553874048
108,50.377479,-4.148974,1553874051
109,50.377468,-4.149035,1553874054
110,50.377462,-4.149098,1553874057
111,50.377449,-4.149154,1553874060
112,50.377441,-4.1492,1553874062
113,50.377437,-4.149247,1553874064
114,50.377434,-4.149317,1553874067
115,50.377431,-4.149366,1553874069
116,50.377425,-4.14941,1553874071
117,50.377418,-4.149454,1553874073
118,50.37741,-4.14951,1553874075
119,50.377401,-4.149567,1553874078
120,50.377394,-4.149613,1553874080
121,50.377389,-4.149674,1553874083
122,50.377387,-4.14972,1553874085
123,50.377381,-4.149764,1553874087
124,50.377373,-4.149826,1553874090
125,50.377374,-4.149882,1553874093
126,50.377366,-4.149928,1553874095
127,50.377357,-4.149971,1553874097
128,50.377351,-4.150013,1553874099
129,50.377346,-4.150056,1553874101
130,50.377341,-4.150105,1553874103
131,50.377337,-4.150148,1553874105
132,50.377331,-4.150194,1553874107
133,50.377327,-4.15024,1553874109
134,50.377316,-4.150281,1553874111
135,50.377303,-4.15033,1553874114
136,50.377306,-4.150385,1553874117
137,50.377291,-4.150435,1553874120
138,50.377278,-4.150479,1553874123
139,50.377303,-4.150509,1553874127
140,50.377329,-4.150539,1553874129
141,50.37733,-4.150593,1553874131
142,50.37733,-4.150639,1553874133
143,50.377325,-4.150705,1553874136
144,50.377307,-4.150746,1553874138
145,50.377284,-4.150771,1553874140
146,50.377258,-4.150825,1553874142
147,50.377254,-4.150867,1553874143
148,50.377242,-4.150948,1553874146
149,50.377237,-4.150998,1553874147
150,50.377223,-4.151054,1553874149
151,50.377223,-4.151116,1553874152
152,50.377225,-4.151182,1553874155
153,50.377229,-4.151239,1553874158
154,50.377229,-4.151297,1553874161
155,50.377229,-4.15134,1553874164
156,50.377234,-4.151384,1553874167
157,50.377242,-4.15144,1553874170
158,50.37726,-4.151485,1553874173
159,50.377269,-4.15153,1553874175
160,50.377276,-4.151572,1553874177
161,50.377275,-4.151618,1553874179
162,50.377274,-4.151674,1553874181
163,50.377271,-4.15173,1553874183
164,50.377272,-4.151779,1553874185
165,50.377276,-4.151827,1553874187
166,50.377281,-4.151875,1553874189
167,50.377287,-4.151937,1553874192
168,50.377286,-4.151985,1553874194
169,50.377289,-4.152031,1553874196
170,50.377294,-4.152081,1553874198
171,50.377298,-4.152139,1553874201
172,50.377302,-4.152188,1553874204
173,50.377309,-4.152246,1553874207
174,50.377318,-4.152295,1553874210
175,50.377327,-4.15234,1553874213
176,50.37733,-4.15239,1553874216
177,50.377333,-4.152442,1553874219
178,50.377338,-4.152492,1553874222
179,50.377352,-4.15255,1553874225
180,50.377357,-4.152614,1553874228
181,50.377363,-4.152659,1553874230
182,50.377365,-4.152722,1553874233
183,50.377369,-4.152766,1553874235
184,50.377377,-4.152816,1553874238
185,50.377386,-4.152876,1553874241
186,50.377393,-4.152935,1553874244
187,50.377399,-4.152983,1553874246
188,50.37741,-4.153033,1553874248
189,50.377423,-4.153073,1553874250
190,50.377424,-4.153117,1553874253
191,50.377431,-4.153162,1553874255
192,50.377434,-4.153207,1553874257
193,50.377429,-4.153262,1553874259
194,50.377434,-4.153316,1553874262
195,50.377444,-4.15337,1553874265
196,50.37745,-4.153412,1553874267
197,50.377453,-4.153461,1553874269
198,50.37746,-4.153521,1553874272
199,50.377469,-4.153568,1553874274
200,50.377478,-4.153613,1553874276
201,50.37749,-4.153674,1553874279
202,50.377502,-4.153731,1553874282
203,50.377511,-4.153771,1553874284
204,50.377523,-4.153824,1553874287
205,50.377533,-4.153877,1553874290
206,50.377547,-4.153923,1553874292
207,50.377565,-4.153977,1553874295
208,50.377575,-4.154024,1553874298
209,50.377583,-4.154069,1553874301
210,50.377599,-4.154107,1553874304
211,50.377609,-4.154149,1553874306
212,50.377618,-4.154191,1553874308
213,50.377635,-4.154246,1553874311
214,50.377659,-4.154294,1553874314
215,50.377683,-4.154341,1553874317
216,50.377709,-4.154387,1553874320
217,50.377734,-4.154419,1553874323
218,50.377743,-4.154471,1553874325
219,50.377754,-4.154518,1553874328
220,50.377769,-4.154568,1553874331
221,50.377789,-4.154617,1553874334
222,50.377819,-4.154663,1553874337
223,50.377844,-4.154693,1553874340
224,50.37787,-4.15474,1553874343
225,50.377893,-4.154793,1553874346
226,50.377905,-4.154836,1553874348
227,50.37792,-4.154883,1553874350
228,50.377935,-4.154919,1553874352
229,50.377948,-4.15497,1553874355
230,50.377959,-4.155013,1553874359
231,50.377975,-4.155059,1553874362
232,50.377998,-4.155103,1553874365
233,50.378014,-4.155142,1553874367
234,50.378034,-4.155182,1553874369
235,50.378049,-4.155221,1553874371
236,50.37807,-4.155259,1553874373
237,50.378086,-4.155308,1553874375
238,50.378097,-4.155362,1553874378
239,50.37811,-4.155415,1553874381
240,50.378121,-4.155455,1553874383
241,50.378118,-4.155503,1553874386
242,50.378124,-4.155559,1553874389
243,50.378134,-4.155601,1553874391
244,50.378136,-4.155659,1553874394
245,50.378132,-4.155701,1553874396
246,50.378129,-4.155751,1553874398
247,50.378127,-4.155802,1553874400
248,50.378122,-4.155859,1553874403
249,50.378122,-4.155927,1553874406
250,50.378119,-4.155977,1553874408
251,50.378126,-4.156021,1553874411
252,50.378129,-4.156064,1553874413
253,50.378132,-4.156106,1553874415
254,50.378141,-4.156163,1553874418
255,50.378144,-4.156214,1553874420
256,50.378142,-4.15627,1553874422
257,50.378134,-4.156324,1553874424
258,50.378125,-4.156374,1553874426
259,50.378114,-4.156421,1553874428
260,50.378106,-4.156467,1553874430
261,50.378103,-4.15651,1553874432
262,50.378096,-4.156563,1553874435
263,50.378087,-4.156611,1553874438
264,50.378089,-4.156662,1553874442
265,50.378092,-4.156707,1553874444
266,50.378094,-4.156758,1553874446
267,50.378087,-4.156807,1553874448
268,50.378085,-4.156862,1553874450
269,50.378073,-4.156911,1553874452
270,50.378063,-4.156962,1553874454
271,50.378049,-4.157001,1553874456
272,50.378029,-4.157036,1553874458
273,50.37801,-4.157069,1553874460
274,50.377992,-4.157103,1553874462
275,50.377981,-4.157155,1553874465
276,50.377975,-4.15721,1553874468
277,50.377999,-4.15718,1553874471
278,50.378026,-4.157176,1553874512
279,50.378044,-4.157208,1553874560
280,50.378031,-4.157255,1553874635
281,50.378026,-4.157304,1553874638
282,50.378023,-4.157347,1553874640
283,50.37803,-4.157389,1553874643
284,50.378002,-4.157356,1553874652
285,50.378,-4.157313,1553874655
286,50.378014,-4.157272,1553874657
287,50.377974,-4.157304,1553874666
288,50.377949,-4.157342,1553874669
289,50.377937,-4.157393,1553874672
290,50.377926,-4.15745,1553874674
291,50.377915,-4.157493,1553874676
292,50.377906,-4.157541,1553874679
293,50.377892,-4.157591,1553874683
294,50.377878,-4.157628,1553874685
295,50.377871,-4.15767,1553874690
296,50.377868,-4.157714,1553874692
297,50.377872,-4.157762,1553874695
298,50.377875,-4.157807,1553874698
299,50.377883,-4.157859,1553874701
300,50.377888,-4.157914,1553874704
301,50.377885,-4.15797,1553874707
302,50.377877,-4.158025,1553874710
303,50.377875,-4.158074,1553874712
304,50.3779,-4.158099,1553874717
305,50.377932,-4.158104,1553874720
306,50.377959,-4.158124,1553874722
307,50.377987,-4.158146,1553874725
308,50.378011,-4.158166,1553874728
309,50.378037,-4.15819,1553874731
310,50.378054,-4.158229,1553874733
311,50.37807,-4.158266,1553874735
312,50.378095,-4.158312,1553874737
313,50.378112,-4.158347,1553874739
314,50.37814,-4.158365,1553874742
315,50.378167,-4.158385,1553874744
316,50.378201,-4.158404,1553874748
317,50.378238,-4.158428,1553874751
318,50.378265,-4.158447,1553874753
319,50.378296,-4.158472,1553874755
320,50.378324,-4.158496,1553874757
321,50.378349,-4.158516,1553874759
322,50.378381,-4.158539,1553874761
323,50.378415,-4.158563,1553874766
324,50.378445,-4.158592,1553874770
325,50.378481,-4.158607,1553874773
326,50.378516,-4.158611,1553874776
327,50.378551,-4.158631,1553874780
328,50.378577,-4.158659,1553874783
329,50.378583,-4.158706,1553874785
330,50.378575,-4.158749,1553874787
331,50.378575,-4.158803,1553874790
332,50.378585,-4.158853,1553874793
333,50.378587,-4.158897,1553874795
334,50.37858,-4.158957,1553874798
335,50.378572,-4.159012,1553874801
336,50.378558,-4.159065,1553874804
337,50.378547,-4.15911,1553874806
338,50.378545,-4.15917,1553874809
339,50.378546,-4.159227,1553874812
340,50.37854,-4.159271,1553874814
341,50.378528,-4.159321,1553874817
342,50.378522,-4.159379,1553874820
343,50.378514,-4.15942,1553874822
344,50.378503,-4.159459,1553874824
345,50.378491,-4.159499,1553874826
346,50.378484,-4.159552,1553874829
347,50.378479,-4.159618,1553874832
348,50.378471,-4.159684,1553874835
349,50.378464,-4.159726,1553874837
350,50.378479,-4.159783,1553874841
351,50.378506,-4.159803,1553874844
352,50.378527,-4.159774,1553874846
353,50.378546,-4.159739,1553874849
354,50.378565,-4.159777,1553874860
355,50.37857,-4.159837,1553874863
356,50.378573,-4.159885,1553874865
357,50.37858,-4.159937,1553874867
358,50.37859,-4.159987,1553874870
359,50.378583,-4.160036,1553874875
360,50.378578,-4.1601,1553874878
361,50.378581,-4.16015,1553874880
362,50.378576,-4.160192,1553874882
363,50.378572,-4.160237,1553874884
364,50.378567,-4.160283,1553874886
365,50.378563,-4.160328,1553874889
366,50.378555,-4.160386,1553874892
367,50.378556,-4.160429,1553874895
368,50.378543,-4.160488,1553874899
369,50.378536,-4.160538,1553874901
370,50.378543,-4.1606,1553874904
371,50.378548,-4.160659,1553874907
372,50.378545,-4.160708,1553874910
373,50.378545,-4.160755,1553874913
374,50.378544,-4.160817,1553874916
375,50.378538,-4.160872,1553874919
376,50.378529,-4.160916,1553874921
377,50.378523,-4.160963,1553874923
378,50.378519,-4.161022,1553874925
379,50.378516,-4.161071,1553874927
380,50.378521,-4.16113,1553874930
381,50.378522,-4.161174,1553874932
382,50.378524,-4.161234,1553874935
383,50.378521,-4.16128,1553874937
384,50.37852,-4.161324,1553874939
385,50.378521,-4.161372,1553874941
386,50.378523,-4.161422,1553874943
387,50.378519,-4.161495,1553874945
388,50.378527,-4.161539,1553874947
389,50.378526,-4.161594,1553874951
390,50.378524,-4.161637,1553874958
391,50.378543,-4.161685,1553874961
392,50.378574,-4.161717,1553874964
393,50.378589,-4.161765,1553874967
394,50.378599,-4.161822,1553874970
395,50.378609,-4.161876,1553874973
396,50.378631,-4.16192,1553874976
397,50.37865,-4.161951,1553874978
398,50.378682,-4.16198,1553874981
399,50.378715,-4.162001,1553874983
400,50.378744,-4.16202,1553874985
401,50.378773,-4.162038,1553874988
402,50.378798,-4.162061,1553874992
403,50.378838,-4.162087,1553874994
404,50.37887,-4.162107,1553874996
405,50.378904,-4.162123,1553874998
406,50.378934,-4.162148,1553875001
407,50.37896,-4.162169,1553875003
408,50.378983,-4.162196,1553875005
409,50.379008,-4.162231,1553875009
410,50.379041,-4.162252,1553875012
411,50.37907,-4.162264,1553875015
412,50.379097,-4.162232,1553875019
413,50.379105,-4.162283,1553875025
414,50.379133,-4.162315,1553875027
415,50.379146,-4.162353,1553875030
416,50.379184,-4.162362,1553875034
417,50.379217,-4.162369,1553875037
418,50.379245,-4.16238,1553875040
419,50.379281,-4.162384,1553875043
420,50.379306,-4.162409,1553875046
421,50.379333,-4.162444,1553875049
422,50.379366,-4.162464,1553875052
423,50.3794,-4.16249,1553875055
424,50.379427,-4.162515,1553875058
425,50.379453,-4.16255,1553875062
426,50.379483,-4.162576,1553875065
427,50.379511,-4.162574,1553875071
428,50.379548,-4.162586,1553875074
429,50.379583,-4.162599,1553875077
430,50.379612,-4.162625,1553875080
431,50.37965,-4.162647,1553875083
432,50.379677,-4.162672,1553875085
433,50.379713,-4.162696,1553875088
434,50.37975,-4.162719,1553875091
435,50.379786,-4.162734,1553875094
436,50.379823,-4.162756,1553875097
437,50.379845,-4.162794,1553875100
438,50.379877,-4.162824,1553875103
439,50.379916,-4.16284,1553875106
440,50.379958,-4.162836,1553875109
441,50.379968,-4.162892,1553875111
442,50.379996,-4.162907,1553875113
443,50.380027,-4.162907,1553875115
444,50.380021,-4.162956,1553875117
445,50.380031,-4.163002,1553875119
446,50.380061,-4.163025,1553875122
447,50.380096,-4.163038,1553875125
448,50.380127,-4.163061,1553875128
449,50.380157,-4.163079,1553875131
450,50.380188,-4.163102,1553875134
451,50.380212,-4.163131,1553875136
452,50.380237,-4.16316,1553875138
453,50.380263,-4.163184,1553875140
454,50.380285,-4.16321,1553875142
455,50.380307,-4.163239,1553875145
456,50.38034,-4.163269,1553875148
457,50.38037,-4.163288,1553875150
458,50.380392,-4.163323,1553875152
459,50.380427,-4.163326,1553875154
460,50.380461,-4.163316,1553875156
461,50.380497,-4.163334,1553875159
462,50.380527,-4.163355,1553875162
463,50.380557,-4.163385,1553875165
464,50.380596,-4.163389,1553875168
465,50.380636,-4.163394,1553875171
466,50.380665,-4.163411,1553875174
467,50.380694,-4.16341,1553875176
468,50.380725,-4.163436,1553875179
469,50.38076,-4.163449,1553875182
470,50.380792,-4.163483,1553875185
471,50.380821,-4.163508,1553875187
472,50.380855,-4.163538,1553875190
473,50.380881,-4.16357,1553875193
474,50.380922,-4.163591,1553875196
475,50.380948,-4.163614,1553875198
476,50.380972,-4.163634,1553875200
477,50.381011,-4.163653,1553875203
478,50.381037,-4.163672,1553875205
479,50.381073,-4.163701,1553875208
480,50.381098,-4.163721,1553875210
481,50.381127,-4.163743,1553875213
482,50.381156,-4.163761,1553875215
483,50.381184,-4.163776,1553875217
484,50.381212,-4.16379,1553875219
485,50.381248,-4.163812,1553875222
486,50.381272,-4.163836,1553875224
487,50.381299,-4.163858,1553875226
488,50.381324,-4.163883,1553875228
489,50.381349,-4.163911,1553875230
490,50.381383,-4.16394,1553875233
491,50.381416,-4.163954,1553875236
492,50.381442,-4.163968,1553875238
493,50.38147,-4.163988,1553875240
494,50.3815,-4.164029,1553875243
495,50.381525,-4.16406,1553875246
496,50.381566,-4.16407,1553875249
497,50.381592,-4.164081,1553875251
498,50.381621,-4.164091,1553875253
499,50.381656,-4.164114,1553875256
500,50.381684,-4.164156,1553875259
501,50.3817,-4.164205,1553875261
502,50.381722,-4.16425,1553875263
503,50.381761,-4.164268,1553875266
504,50.381801,-4.164253,1553875268
505,50.381838,-4.164265,1553875271
506,50.381863,-4.164291,1553875273
507,50.38189,-4.164311,1553875276
508,50.38192,-4.164339,1553875279
509,50.381959,-4.164357,1553875282
510,50.381984,-4.164373,1553875284
511,50.382022,-4.164393,1553875287
512,50.382056,-4.164413,1553875290
513,50.382085,-4.164422,1553875292
514,50.382113,-4.164423,1553875294
515,50.382142,-4.16442,1553875296
516,50.38217,-4.16444,1553875298
517,50.382206,-4.164448,1553875301
518,50.382234,-4.164457,1553875303
519,50.382263,-4.16447,1553875305
520,50.382289,-4.164491,1553875307
521,50.382315,-4.164532,1553875310
522,50.382332,-4.164578,1553875314
523,50.382361,-4.164605,1553875318
524,50.382391,-4.164621,1553875321
525,50.382419,-4.164627,1553875324
526,50.382444,-4.164664,1553875327
527,50.382468,-4.164696,1553875331
528,50.382498,-4.164723,1553875335
529,50.382519,-4.164751,1553875338
530,50.38255,-4.164772,1553875341
531,50.382584,-4.164804,1553875344
532,50.382616,-4.164835,1553875347
533,50.382645,-4.164862,1553875350
534,50.382681,-4.164888,1553875353
535,50.382704,-4.164911,1553875355
536,50.382728,-4.164934,1553875357
537,50.382752,-4.164956,1553875359
538,50.382782,-4.164984,1553875362
539,50.382809,-4.165021,1553875365
540,50.382839,-4.165052,1553875368
541,50.382865,-4.165092,1553875371
542,50.38289,-4.165136,1553875374
543,50.382914,-4.165179,1553875377
544,50.382938,-4.165203,1553875380
545,50.382963,-4.165248,1553875383
546,50.382971,-4.165294,1553875385
547,50.382981,-4.165344,1553875388
548,50.383003,-4.165391,1553875391
549,50.383028,-4.16543,1553875394
550,50.383059,-4.165457,1553875397
551,50.383082,-4.165486,1553875399
552,50.383109,-4.165512,1553875401
553,50.383134,-4.165539,1553875403
554,50.383169,-4.165575,1553875406
555,50.383205,-4.165616,1553875409
556,50.38323,-4.165635,1553875411
557,50.383262,-4.165658,1553875414
558,50.383299,-4.165682,1553875417
559,50.383329,-4.165697,1553875419
560,50.383355,-4.165712,1553875421
561,50.383392,-4.165736,1553875424
562,50.383425,-4.165769,1553875427
563,50.383451,-4.165792,1553875429
564,50.383477,-4.165814,1553875431
565,50.383502,-4.165836,1553875433
566,50.38353,-4.165848,1553875435
567,50.383559,-4.16583,1553875437
568,50.383586,-4.165821,1553875439
569,50.38361,-4.165842,1553875441
570,50.383624,-4.165882,1553875447
571,50.383654,-4.165895,1553875450
572,50.383684,-4.165916,1553875452
573,50.383714,-4.165937,1553875454
574,50.383741,-4.165961,1553875456
575,50.383776,-4.165984,1553875459
576,50.383798,-4.166008,1553875461
577,50.383827,-4.166036,1553875464
578,50.383846,-4.166066,1553875467
579,50.383869,-4.166092,1553875470
580,50.384525,-4.166302,1553875827
581,50.384462,-4.166172,1553875828
582,50.38444,-4.166272,1553875829
583,50.38442,-4.166415,1553875832
,50.3859,-4.06035,1555950336
,50.3701,-4.12684,1555581531
,50.3859,-4.06035,1555346746
,51.4536,-2.59252,1554132649
,50.3701,-4.12684,1553617319
,50.4028,-4.11865,1552946320
,51.4787,-3.17941,1552499156
,51.4787,-3.17941,1552499050
,51.4787,-3.17941,1552498990
,51.4787,-3.17941,1552498910
,51.4787,-3.17941,1552498859
,51.4787,-3.17941,1552496481
,50.4028,-4.11865,1552340963
,50.3701,-4.12684,1552164318
,50.3701,-4.12684,1550754487
,50.3701,-4.12684,1550414714
,51.4536,-2.59252,1548867352
,51.4536,-2.59252,1548867298
,50.3701,-4.12684,1547845522
,50.3701,-4.12684,1547844185
,50.3701,-4.12684,1547840990
,50.3701,-4.12684,1547840468
,50.3725,-4.13416,1547139863
,50.3701,-4.12684,1545584740
,50.3859,-4.06035,1545081766
,50.3859,-4.06035,1545081741
,50.3725,-4.13416,1544388103
,50.3701,-4.12684,1544270412
,50.3701,-4.12684,1544224933
,50.3701,-4.12684,1544207226
,50.3698,-4.14152,1544137741
,50.3698,-4.14152,1544137698
,50.3698,-4.14152,1544137667
,50.3698,-4.14152,1544137599
,50.3701,-4.12684,1544024033
,50.3698,-4.14152,1544022475
,50.3698,-4.14152,1544022441
,50.3698,-4.14152,1544013237
,50.3698,-4.14152,1544013180
,50.3698,-4.14152,1544013140
,50.3859,-4.06035,1541103746
,50.3859,-4.06035,1539629123
,50.3701,-4.12684,1538312714
,50.3701,-4.12684,1538312625
,50.3743,-4.13516,1537454094
,50.3859,-4.06035,1537209986
,51.4588,-0.971998,1537023688
,50.3701,-4.12684,1535475362
,50.3701,-4.12684,1535475329
,50.3701,-4.12684,1534843483
,51.2377,-0.205665,1534437133
,50.3701,-4.12684,1533404661
,50.3701,-4.12684,1533396111
,50.3701,-4.12684,1532613503
,50.3701,-4.12684,1531830736
,50.3859,-4.06035,1531599293
,50.3701,-4.12684,1530618378
,50.3701,-4.12684,1530618280
,50.3701,-4.12684,1530265255
,50.3701,-4.12684,1530102824
,50.3701,-4.12684,1529759187
,50.3701,-4.12684,1529758475
,50.3701,-4.12684,1529572768
,50.3701,-4.12684,1529411960
,50.3701,-4.12684,1529410173
,50.3701,-4.12684,1528972786
,51.3834,-2.36212,1527173874
,51.3832,-2.362,1527166533
,51.3832,-2.362,1527166197
,51.3832,-2.362,1527164171
,50.3621,-4.16596,1526988580
,50.3725,-4.13416,1526927870
,50.3735,-4.13807,1526924731
,50.3735,-4.13807,1526924710
,50.3735,-4.13807,1526924693
,50.3701,-4.12684,1526649326
,50.3701,-4.12684,1526649286
,50.3859,-4.06035,1526586955
,50.3859,-4.06035,1525981249
,50.3701,-4.12684,1524945042
,50.3701,-4.12684,1524944986
,50.3701,-4.12684,1524941237
,50.3701,-4.12684,1524676804
,50.3701,-4.12684,1524675451
,50.4028,-4.11865,1524505564
,50.3712,-4.13912,1524476105
,50.3701,-4.12684,1523727680
,50.3701,-4.12684,1523365032
,50.3898,-4.05876,1521967869
,50.3898,-4.05876,1521844820
,50.3898,-4.05876,1521844792
,50.3898,-4.05876,1521671774
,50.3701,-4.12684,1520108008
,50.3705,-4.1327,1518031568
,50.3859,-4.06035,1516913573
,50.3701,-4.12684,1514061754
,50.3701,-4.12684,1514059925
,50.4513,-3.6937,1513879654
,50.3701,-4.12684,1513345339
,50.3823,-4.13397,1512426707
,51.4557,-2.58298,1512332339
,50.3701,-4.12684,1512254007
,50.3701,-4.12684,1511985765
,50.3701,-4.12684,1511631634
,50.3823,-4.13397,1511438949
,,,
