Latitude,Longitude,Timestamp,Pow(Latitude_$2),Pow(Longitude_$2),Pow(Timestamp_$2),Scored Labels,Scored Labels (2)
50.383028,-4.16543,0.953384018,0.018540966,0.999467877,0.9527391,50.38351925,-4.133134811
50.383451,-4.165792,0.953384805,0.018915798,0.999642028,0.952739896,50.38397832,-4.16902289
50.377329,-4.150539,0.953355599,0.013491227,0.992317221,0.952710306,50.37684354,-4.176528408
50.3743,-4.13516,0.584460444,0.010807539,0.984959108,0.580936169,50.37426941,-4.173801568
50.377237,-4.150998,0.953356003,0.013409713,0.99253725,0.952710716,50.37677007,-4.147319168
50.377274,-4.151674,0.953356767,0.013442496,0.992861346,0.95271149,50.37684179,-4.168793707
50.381592,-4.164081,0.953380806,0.017268509,0.998819033,0.952735845,50.38195492,-4.133466358
50.378112,-4.158347,0.953369303,0.014184989,0.996063428,0.952724191,50.37804316,-4.177756084
50.381309,-4.16382,0.947605025,0.017017743,0.998693521,0.94688455,50.38167274,-2.113018606
50.380812,-4.163518,0.947604059,0.016577357,0.998548302,0.946883571,50.38113945,-4.17190838
50.378001,-4.161407,0.947598353,0.014086639,0.997533508,0.946877791,50.37810354,-4.174344781
50.378129,-4.156064,0.953361979,0.014200052,0.994967337,0.95271677,50.37794887,-4.142663202
50.377381,-4.149764,0.953354655,0.0135373,0.991945767,0.95270935,50.37685982,-4.14177487
50.3701,-4.12684,0.767124848,0.007086616,0.980989774,0.764532511,50.36890154,-4.17016881
50.38028,-4.163159,0.951462218,0.016105962,0.998375688,0.950792065,50.3805496,-4.153485733
50.377365,-4.152722,0.953357935,0.013523124,0.993363895,0.952712673,50.37698807,-4.175380862
50.379217,-4.162369,0.953375998,0.015164072,0.997995894,0.952730974,50.37939334,-4.15132524
50.382295,-4.164522,0.951466329,0.017891441,0.999031123,0.950796231,50.38271854,-4.177654448
50.377529,-4.1485,0.953353307,0.013668432,0.991340087,0.952707984,50.3769523,-4.149812972
50.378121,-4.155455,0.953361305,0.014192964,0.994675052,0.952716088,50.37791064,-4.165756921
50.381011,-4.163653,0.953379727,0.016753688,0.998613216,0.952734752,50.38132781,-4.153223894
50.377934,-4.161377,0.947598218,0.014027275,0.997519091,0.946877654,50.37803218,-4.139470411
50.37743,-4.149539,0.947577414,0.013580715,0.991837939,0.94685658,50.37692578,-4.17692393
50.377355,-4.151982,0.9475802,0.013514264,0.993009029,0.946859402,50.37696723,-4.151124139
50.383593,-4.165882,0.947610372,0.019041629,0.999685328,0.946889966,50.38415674,-4.16627613
50.377485,-4.1488,0.953353644,0.013629447,0.991483823,0.952708326,50.37692109,-4.177903869
50.377375,-4.160761,0.947596892,0.013531984,0.997223068,0.946876311,50.37741884,-4.153393002
50.37746,-4.160177,0.947596174,0.013607296,0.996942464,0.946875583,50.37747881,-4.135114885
50.383382,-4.165734,0.947609968,0.018854655,0.999614125,0.946889556,50.38392935,-4.137206688
50.377816,-4.161271,0.947597993,0.013922723,0.997468149,0.946877426,50.37790389,-4.147749682
50.377358,-4.152355,0.947580604,0.013516922,0.993187893,0.946859812,50.37698864,-4.171159468
50.377746,-4.154394,0.947583076,0.013860701,0.994165935,0.946862315,50.37749332,-4.160826726
50.382839,-4.165052,0.953383434,0.018373489,0.999286045,0.952738508,50.38330349,-4.15539418
50.378553,-4.159908,0.951456332,0.014575734,0.996813226,0.950786102,50.37858841,-4.127595162
50.382639,-4.164747,0.947608148,0.018196265,0.99913934,0.946887713,50.38310572,-4.165126349
50.379873,-4.162854,0.951461387,0.01574533,0.998229051,0.950791223,50.38011006,-4.168874296
50.376671,-4.144795,0.953348657,0.012908227,0.989565797,0.952703273,50.37587606,-4.16771234
50.38189,-4.164311,0.953381367,0.017532567,0.998929644,0.952736414,50.38227709,-4.152369081
50.378511,-4.16145,0.951458241,0.01453852,0.997554174,0.950788037,50.37862036,-4.175293658
50.382056,-4.164413,0.953381682,0.017679661,0.998978699,0.952736732,50.38245527,-4.163383728
50.379157,-4.162334,0.951459949,0.015110909,0.99797907,0.950789767,50.37933763,-4.176995326
50.377442,-4.149262,0.9475771,0.013591348,0.991705198,0.946856262,50.37692473,-4.144976092
50.377888,-4.157914,0.953368517,0.013986517,0.995855494,0.952723394,50.37778826,-4.157256296
50.377426,-4.160371,0.947596376,0.013577171,0.997035674,0.946875788,50.37745288,-4.14404849
50.377403,-4.160566,0.947596645,0.013556793,0.997129369,0.946876061,50.37743847,-4.154852287
50.377436,-4.14798,0.94757546,0.013586032,0.991090968,0.9468546,50.37685571,-4.179634395
50.378572,-4.159012,0.953370696,0.014592569,0.996382814,0.952725602,50.37855563,-4.170668234
50.377547,-4.153923,0.953359261,0.013684381,0.993939969,0.952714016,50.37723679,-4.134767805
50.382419,-4.164627,0.953382446,0.018001319,0.999081624,0.952737506,50.38284446,-4.170092424
50.378114,-4.156421,0.953362316,0.014186761,0.995138697,0.952717112,50.37795074,-4.154051526
50.381722,-4.16425,0.953381075,0.017383702,0.998900307,0.952736118,50.38209884,-4.145553054
50.378149,-4.156901,0.94758712,0.014217773,0.995369119,0.946866412,50.37803666,-4.15525468
50.377509,-4.148587,0.947576358,0.013650712,0.991381769,0.94685551,50.37696157,-4.127489457
50.3701,-4.12684,0.403784564,0.007086616,0.980989774,0.400291109,50.36990513,-4.177597336
50.377383,-4.152626,0.947580919,0.013539072,0.993317855,0.94686013,50.377028,-4.179528631
50.377394,-4.149613,0.953354498,0.013548819,0.991873402,0.952709191,50.37686599,-4.132184366
50.383776,-4.165984,0.953385479,0.019203792,0.999734402,0.952740579,50.3843268,-4.148957132
50.384057,-4.166219,0.947611248,0.019452797,0.999847469,0.946890854,50.38465736,-4.161051058
50.383082,-4.165486,0.953384131,0.018588817,0.999494817,0.952739214,50.38357833,-4.145550415
50.379548,-4.162586,0.953376829,0.015457358,0.99810021,0.952731816,50.37974927,-4.104762556
50.377492,-4.153344,0.947581773,0.013635649,0.993662224,0.946860995,50.3771769,-4.149317924
50.377234,-4.151384,0.953356452,0.013407055,0.992722304,0.952711171,50.37678585,-4.173291686
50.376944,-4.145234,0.953349331,0.013150109,0.989775947,0.952703956,50.37618228,-3.380981916
50.377875,-4.158108,0.947593612,0.013974999,0.995948654,0.946872989,50.37781008,-4.167628851
50.378514,-4.15942,0.953371168,0.014541178,0.996578794,0.95272608,50.37851517,-4.126476171
50.37811,-4.155415,0.95336126,0.014183217,0.994655856,0.952716042,50.37789721,-4.171314988
50.379511,-4.162574,0.953376762,0.015424574,0.998094442,0.952731748,50.37971009,-4.146107171
50.3701,-4.12684,0.39391801,0.007086616,0.980989774,0.390453519,50.36992373,-4.10517097
50.38403,-4.166245,0.951469744,0.019428872,0.999859979,0.95079969,50.38461321,-4.134560005
50.377317,-4.146979,0.953351308,0.013480595,0.990611502,0.952705959,50.37665672,-4.133829582
50.378087,-4.156807,0.953362765,0.014162838,0.995323993,0.952717567,50.37794152,-4.138807822
50.383559,-4.16583,0.953384984,0.019011501,0.99966031,0.952740078,50.38409286,-4.158162704
50.383134,-4.165539,0.953384221,0.018634895,0.999520313,0.952739305,50.38363519,-2.405227727
50.376546,-4.14462,0.953348365,0.012797475,0.98948203,0.952702977,50.37573712,-4.143329997
50.37788,-4.15472,0.951443526,0.013979429,0.994322351,0.950773129,50.37763181,-4.13646434
50.3701,-4.12684,0.30334458,0.007086616,0.980989774,0.300277985,50.37007308,-4.136798457
50.382139,-4.164445,0.94760662,0.017753208,0.998994089,0.946886166,50.38256929,-4.141580948
50.377468,-4.16013,0.947596129,0.013614384,0.996919883,0.946875538,50.37748485,-4.171734915
50.378525,-4.161046,0.951457747,0.014550925,0.997360021,0.950787536,50.37861511,-4.132992355
50.378572,-4.159947,0.951456399,0.014592569,0.996831963,0.95078617,50.37861014,-4.155276741
50.377098,-4.145709,0.953349937,0.013286556,0.990003356,0.95270457,50.37636615,-4.135866338
50.376982,-4.145326,0.953349443,0.013183777,0.989819991,0.952704069,50.37622642,-4.146187436
50.382988,-4.165318,0.951467745,0.018505521,0.999413999,0.950797664,50.38348061,-4.135428599
50.378146,-4.1555,0.947585457,0.014215115,0.994696648,0.946864727,50.37796479,-4.17284186
50.3898,-4.05876,0.229892297,0.024542205,0.948810277,0.227323214,50.38743452,-4.164797003
50.377358,-4.147191,0.953351532,0.013516922,0.990713038,0.952706186,50.37670986,-4.154268426
50.377398,-4.147543,0.953351892,0.013552363,0.990881637,0.95270655,50.37676881,-4.14638476
50.381073,-4.163701,0.95337984,0.016808626,0.998636298,0.952734866,50.38139485,-4.12236543
50.383889,-4.16613,0.947610956,0.019303926,0.999804647,0.946890558,50.38447773,-4.162284199
50.377504,-4.148062,0.953352611,0.013646281,0.99113025,0.952707279,50.37690478,-4.161461918
50.381892,-4.16423,0.951465543,0.01753434,0.998890689,0.950795434,50.38228379,-4.160266272
50.377534,-4.161087,0.947597454,0.013672862,0.997379724,0.94687688,50.3776007,-4.172891492
50.379097,-4.162262,0.951459814,0.015057746,0.99794446,0.95078963,50.37927151,-4.141394003
50.378529,-4.160847,0.9514575,0.014554469,0.997264393,0.950787286,50.3786095,-4.170925252
50.37881,-4.162072,0.951459208,0.014803448,0.99785313,0.950789015,50.37896281,-4.154881642
50.378929,-4.162157,0.951459432,0.014908889,0.997893987,0.950789243,50.37909111,-4.137294907
50.379886,-4.16287,0.947602194,0.015756849,0.998236743,0.946881682,50.38014167,-4.155142352
50.378528,-4.16089,0.951457545,0.014553583,0.997285056,0.950787331,50.37861057,-4.161962315
50.3701,-4.12684,0.883269218,0.007086616,0.980989774,0.881773049,50.36844986,-4.130062052
50.3701,-4.12684,0.60374834,0.007086616,0.980989774,0.600276743,50.36942958,-4.164454706
50.377476,-4.161043,0.947597319,0.013621473,0.99735858,0.946876744,50.37753804,-4.165267603
50.377871,-4.15767,0.953368202,0.013971455,0.995738331,0.952723075,50.37775855,-4.156875806
50.383285,-4.165655,0.947609788,0.0187687,0.999576119,0.946889374,50.38382427,-4.168926004
50.380021,-4.162956,0.953377795,0.015876468,0.998278089,0.952732795,50.38026085,-4.172127628
50.378324,-4.158496,0.953369707,0.01437283,0.996134985,0.9527246,50.37827161,-4.178653868
50.380127,-4.163061,0.953378042,0.015970392,0.998328571,0.952733045,50.38037658,-4.17008881
50.378529,-4.160916,0.953373392,0.014554469,0.99729755,0.952728333,50.3786043,-4.172468377
50.37733,-4.150639,0.953355689,0.013492113,0.992365155,0.952710397,50.37684949,-4.170691307
50.378172,-4.156707,0.947586917,0.014238152,0.995275987,0.946866207,50.37805113,-4.161634054
50.383798,-4.166008,0.953385524,0.019223287,0.999745949,0.952740625,50.38435093,-4.175180828
50.377876,-4.154764,0.947584379,0.013975885,0.994343463,0.946863635,50.37764706,-4.16710797
50.3698,-4.14152,0.732026751,0.006820847,0.98799875,0.729180189,50.36942856,-4.166802546
50.381812,-4.16417,0.951465386,0.017463451,0.998861834,0.950795275,50.38219739,-4.131852007
50.377223,-4.151139,0.947579122,0.013397308,0.992604846,0.94685831,50.37678824,-4.171231924
50.37865,-4.161951,0.953374672,0.014661681,0.997794969,0.952729631,50.37878137,-4.174022449
50.378545,-4.160708,0.953373145,0.014568646,0.997197601,0.952728083,50.37861077,-4.151416385
50.377369,-4.152766,0.95335798,0.013526668,0.993384997,0.952712719,50.3769944,-4.177156668
50.382207,-4.164452,0.951466172,0.017813463,0.998997456,0.950796071,50.3826233,-4.174572775
50.377273,-4.150829,0.947578897,0.01344161,0.992456234,0.946858082,50.37682521,-4.137711889
50.376501,-4.1445,0.953348162,0.012757605,0.989424593,0.952702772,50.37568432,-4.160165965
50.379786,-4.162734,0.953377278,0.015668242,0.99817136,0.952732271,50.38000481,-4.14804496
50.377999,-4.15718,0.953363282,0.014084867,0.995503065,0.952718091,50.37786803,-4.160714776
50.378528,-4.160792,0.951457433,0.014553583,0.997237964,0.950787217,50.37860576,-4.173892579
50.377913,-4.158117,0.947593343,0.014008668,0.995952976,0.946872716,50.37785016,-4.132320552
50.376591,-4.144691,0.953348477,0.012837346,0.989516015,0.952703091,50.37578753,-4.173462506
50.377505,-4.148711,0.953353554,0.013647167,0.99144118,0.952708235,50.3769376,-4.171907504
50.378987,-4.162209,0.951459567,0.01496028,0.997918983,0.95078938,50.37915417,-4.154614614
50.382263,-4.16447,0.953382019,0.017863086,0.999006113,0.952737074,50.38267401,-4.167469911
50.378521,-4.161404,0.951458174,0.014547381,0.997532067,0.950787968,50.37862853,-4.128234022
50.381193,-4.163778,0.947604778,0.016914957,0.998673324,0.946884299,50.38154967,-4.178042086
50.379333,-4.16242,0.947601071,0.015266855,0.998020411,0.946880544,50.37954271,-4.097370834
50.382905,-4.165134,0.947608844,0.018431973,0.999325489,0.946888419,50.38340223,-3.280714122
50.377878,-4.157628,0.95336809,0.013977657,0.995718164,0.952722962,50.37776379,-4.142320133
50.3859,-4.06035,0.755824392,0.021085988,0.949555721,0.7531463,50.38221783,-4.133250019
50.378182,-4.156145,0.947586266,0.014247012,0.995006216,0.946865547,50.37803399,-4.179091666
50.378239,-4.161641,0.947598869,0.014297516,0.997645971,0.946878314,50.37836329,-4.16305472
50.378152,-4.15573,0.947585727,0.014220431,0.994807031,0.946865001,50.37798233,-4.178767239
50.37878,-4.161996,0.947599903,0.014776867,0.997816599,0.946879361,50.37894504,-4.163330345
50.378268,-4.16166,0.947598914,0.014323212,0.997655103,0.94687836,50.37839447,-4.133877973
50.378573,-4.159885,0.953372134,0.014593455,0.996802176,0.952727059,50.37859955,-4.159852643
50.380965,-4.163635,0.947604374,0.016712928,0.998604561,0.94688389,50.3813048,-4.13338755
50.379583,-4.162599,0.953376897,0.015488371,0.99810646,0.952731884,50.37978642,-4.129390874
50.381808,-4.164195,0.947606036,0.017459907,0.998873857,0.946885574,50.38221171,-2.416123157
50.383574,-4.165836,0.95146889,0.019024793,0.999663197,0.950798825,50.3841174,-4.160304471
50.377385,-4.15056,0.947578762,0.013540844,0.992327287,0.946857946,50.37692885,-4.174499006
50.381858,-4.16426,0.947606126,0.017504212,0.998905116,0.946885665,50.38226706,-4.179365108
50.377904,-4.161353,0.947598151,0.014000694,0.997507557,0.946877586,50.37799971,-4.14887838
50.377501,-4.153481,0.947581908,0.013643623,0.993727939,0.946861132,50.377193,-4.125964136
50.381383,-4.16394,0.953380401,0.017083315,0.998751226,0.952735435,50.38172997,-3.280713778
50.377709,-4.154387,0.95335989,0.013827917,0.994162576,0.952714654,50.37742852,-4.145643029
50.383071,-4.165465,0.951467947,0.018579069,0.999484714,0.950797869,50.38357442,-4.130952124
50.377333,-4.151676,0.947579886,0.013494771,0.992862305,0.946859083,50.37692929,-4.025213349
50.380578,-4.163355,0.947603565,0.016370013,0.998469927,0.94688307,50.38088735,-4.150043701
50.37644,-4.144369,0.953347983,0.012703558,0.989361891,0.95270259,50.37561428,-4.16786471
50.376527,-4.144579,0.953348297,0.012780641,0.989462406,0.952702908,50.3757153,-4.167417079
50.377352,-4.152093,0.947580335,0.013511605,0.993062255,0.946859539,50.37696955,-4.137914393
50.378153,-4.155831,0.947585862,0.014221317,0.994855505,0.946865137,50.37798833,-4.129158984
50.38039,-4.163223,0.947603183,0.01620343,0.99840646,0.946882684,50.38068475,-4.170851011
50.377427,-4.149422,0.947577279,0.013578057,0.99178187,0.946856444,50.37691692,-4.166474297
50.383846,-4.166066,0.953385658,0.019265822,0.999773855,0.952740761,50.38440386,-4.149196932
50.377448,-4.146935,0.947574224,0.013596664,0.99059043,0.946853348,50.37681708,-4.139306076
50.378479,-4.159618,0.953371392,0.014510167,0.996673909,0.952726308,50.37848838,-4.161371211
50.384587,-4.166426,0.951505398,0.019922456,0.99994707,0.950835811,50.38520303,-4.147806675
50.377579,-4.159462,0.947595365,0.013712734,0.996598969,0.946874764,50.37756782,-4.104798561
50.378744,-4.16202,0.95337483,0.014744969,0.997828135,0.95272979,50.37888281,-4.169179091
50.37749,-4.153674,0.953358969,0.013633877,0.993820519,0.95271372,50.37716512,-4.137830688
50.380366,-4.163201,0.947603161,0.016182164,0.998395882,0.946882661,50.38065863,-4.171435113
50.3768,-4.144958,0.953348926,0.013022522,0.989643823,0.952703546,50.37601859,-4.155137101
50.378029,-4.157036,0.95336299,0.014111448,0.99543393,0.952717795,50.37789226,-4.157037578
50.377014,-4.14543,0.953349578,0.01321213,0.98986978,0.952704206,50.37626489,-4.152569024
50.377338,-4.152492,0.953357688,0.013499201,0.993253592,0.952712423,50.37694863,-4.17736923
50.378543,-4.1606,0.95337301,0.014566874,0.997145706,0.952727946,50.37860338,-4.163854917
50.378514,-4.161752,0.947599319,0.014541178,0.997699321,0.946878769,50.37865559,-4.149411053
50.383059,-4.165457,0.953384086,0.018568436,0.999480866,0.952739168,50.38355291,-4.174628183
50.377793,-4.158396,0.947593994,0.013902344,0.99608696,0.946873376,50.37773869,-4.160494936
50.377414,-4.160422,0.947596443,0.013566539,0.997060178,0.946875856,50.37744287,-4.15328817
50.377519,-4.148601,0.953353419,0.013659572,0.991388477,0.952708098,50.37694681,-4.154838363
50.379394,-4.162483,0.951460421,0.015320905,0.998050696,0.950790245,50.37959217,-4.163791553
50.377506,-4.148061,0.947575662,0.013648053,0.991129771,0.946854805,50.37693269,-4.169333918
50.383392,-4.165736,0.953384692,0.018863516,0.999615087,0.952739783,50.38391402,-4.142829459
50.383795,-4.166065,0.947610777,0.019220629,0.999773374,0.946890376,50.38437647,-4.173621141
50.382941,-4.165203,0.95146761,0.018463873,0.99935868,0.950797528,50.38342592,-4.166700439
50.4028,-4.11865,0.932511292,0.036064861,0.977090268,0.931598047,50.4019554,-4.165822432
50.378581,-4.16015,0.953372471,0.014600543,0.996929492,0.9527274,50.37862091,-4.167800025
50.382809,-4.165021,0.953383367,0.018346905,0.999271134,0.95273844,50.38327067,-4.169994726
50.382752,-4.164956,0.953383232,0.018296396,0.999239868,0.952738303,50.38320802,-4.160841713
50.377659,-4.154294,0.953359755,0.013783616,0.994117957,0.952714517,50.3773718,-4.164651506
50.378534,-4.160449,0.951457051,0.014558899,0.997073151,0.95078683,50.37859517,-4.171506487
50.379127,-4.16229,0.951459881,0.015084327,0.997957919,0.950789698,50.37930418,-4.127777451
50.3621,-4.16596,0.349340518,0,0.999722855,0.346042106,50.36357377,-4.154696297
51.3832,-2.362,0.35333089,0.91361497,0.319715562,0.350015261,51.37297357,-4.166647068
50.377281,-4.151875,0.953356947,0.013448698,0.992957722,0.952711672,50.37685894,-4.145643563
50.378509,-4.159172,0.951455366,0.014536748,0.996459667,0.950785123,50.37850637,-4.156538301
50.377451,-4.148028,0.947575527,0.013599322,0.991113962,0.946854668,50.3768737,-4.179075067
50.380667,-4.163428,0.947603767,0.016448874,0.998505027,0.946883275,50.38098377,-4.15489693
50.382523,-4.16476,0.951466801,0.018093475,0.999145593,0.950796709,50.38296809,-4.177823699
50.377567,-4.154209,0.951442538,0.013702101,0.994077176,0.950772127,50.37728027,-4.149629434
50.379427,-4.162511,0.951460488,0.015350145,0.998064156,0.950790313,50.37962797,-4.168454125
50.382174,-4.164437,0.951466105,0.017784222,0.998990242,0.950796003,50.38258814,-4.147220298
50.378507,-4.1615,0.951458354,0.014534976,0.997578204,0.950788151,50.37861864,-4.170230259
50.4028,-4.11865,0.918911244,0.036064861,0.977090268,0.917829968,50.40201472,-4.177964406
50.379996,-4.162971,0.951461679,0.015854317,0.998285301,0.950791519,50.38024411,-4.176694988
50.379012,-4.162226,0.951459634,0.014982431,0.997927155,0.950789448,50.37918108,-4.163225331
50.383714,-4.165994,0.947610642,0.019148852,0.999739213,0.946890239,50.38428848,-4.140328016
50.382967,-4.165238,0.947608979,0.018486912,0.999375516,0.946888555,50.38347203,-4.162689685
50.377897,-4.154773,0.951443571,0.013994492,0.994347782,0.950773174,50.37765214,-4.154894556
50.377447,-4.147373,0.947574763,0.013595778,0.990800209,0.946853895,50.37683747,-4.1693126
50.378538,-4.161239,0.951457994,0.014562443,0.99745277,0.950787786,50.37863815,-4.164989606
50.378569,-4.159442,0.951455703,0.014589911,0.996589362,0.950785465,50.37858221,-4.154804805
50.383741,-4.166012,0.947610687,0.019172777,0.999747874,0.946890285,50.38431753,-4.175921075
50.377579,-4.154272,0.951442605,0.013712734,0.994107402,0.950772195,50.37729588,-4.148411975
50.378925,-4.162106,0.947600195,0.014905344,0.997869473,0.946879657,50.3791017,-4.155888649
50.377789,-4.161254,0.947597948,0.0138988,0.997459979,0.946877381,50.37787489,-4.167223026
50.378483,-4.161756,0.947599274,0.014513711,0.997701243,0.946878724,50.37862345,-4.14788484
50.378584,-4.161769,0.951458691,0.014603201,0.997707491,0.950788492,50.37871218,-4.169090046
50.377493,-4.159918,0.947595904,0.013636535,0.99681803,0.94687531,50.37750051,-4.16043603
50.380972,-4.163634,0.95337966,0.016719131,0.99860408,0.952734684,50.38128619,-4.178407898
50.379958,-4.162836,0.953377615,0.015820646,0.998220397,0.952732613,50.38018924,-4.149217001
50.380484,-4.163297,0.947603385,0.016286722,0.99844204,0.946882888,50.38078644,-4.137945743
50.378025,-4.155051,0.947584828,0.014107904,0.994481179,0.94686409,50.37781656,-4.167953943
50.377635,-4.154246,0.953359687,0.013762351,0.994094928,0.952714449,50.37734441,-4.148105493
50.377932,-4.158104,0.953368876,0.014025503,0.995946733,0.952723758,50.37784348,-4.141980777
50.378004,-4.157185,0.951447233,0.014089297,0.995505465,0.950776884,50.37788209,-4.17137795
50.383925,-4.166145,0.947611024,0.019335827,0.999811865,0.946890626,50.38451602,-4.169732956
50.3735,-4.13807,0.347905223,0.010098768,0.986349308,0.344613116,50.3740978,-4.15477913
50.381566,-4.16407,0.953380761,0.01724547,0.998813743,0.952735799,50.38192726,-4.168187789
50.382314,-4.164551,0.951466374,0.017908277,0.99904507,0.950796276,50.38273979,-4.128642359
50.378779,-4.162044,0.95145914,0.014775981,0.997839671,0.950788947,50.37892909,-4.165648972
50.377641,-4.154284,0.951442807,0.013767667,0.994113159,0.9507724,50.37736114,-4.145248162
50.378566,-4.160151,0.951456691,0.014587253,0.996929972,0.950786466,50.37861391,-4.133663188
50.382728,-4.164942,0.951467183,0.018275129,0.999233134,0.950797095,50.38319089,-4.168272201
50.383889,-4.166107,0.951469475,0.019303926,0.999793581,0.950799417,50.38445933,-4.141994189
50.380554,-4.163329,0.94760352,0.016348747,0.998457426,0.946883025,50.38086103,-4.163690393
50.377291,-4.150435,0.953355396,0.013457558,0.99226737,0.952710101,50.37679881,-4.166063268
50.379778,-4.162766,0.951461185,0.015661154,0.998186744,0.950791018,50.38000663,-4.137095378
50.377452,-4.153189,0.947581593,0.013600208,0.993587877,0.946860813,50.37712757,-4.145949667
50.377614,-4.159208,0.947595095,0.013743745,0.996476959,0.946874491,50.37759185,-4.149076006
50.377289,-4.152031,0.953357104,0.013455786,0.993032525,0.952711831,50.37687493,-4.08846316
50.377885,-4.15797,0.953368584,0.013983859,0.995882385,0.952723462,50.37778788,-4.177004789
50.381069,-4.163714,0.951463903,0.016805081,0.998642549,0.950793772,50.38139991,-4.161615692
50.376307,-4.144211,0.953347646,0.012585719,0.98928627,0.952702248,50.37546783,-4.164847335
50.377327,-4.15234,0.953357486,0.013489455,0.9931807,0.952712218,50.37692971,-4.162650695
50.377692,-4.158939,0.947594646,0.013812855,0.996347751,0.946874035,50.37766,-4.173417057
50.377892,-4.157591,0.953368045,0.013990061,0.995700398,0.952722916,50.37777658,-4.161037451
50.380665,-4.163411,0.953379076,0.016447102,0.998496853,0.952734092,50.38095499,-4.13265166
50.383358,-4.165714,0.947609923,0.018833388,0.999604503,0.946889511,50.38390333,-4.162642206
50.381681,-4.164136,0.947605812,0.017347372,0.998845483,0.946885346,50.38207633,-3.990469292
50.377481,-4.148911,0.953353779,0.013625903,0.991537008,0.952708462,50.37692236,-4.177084498
50.379038,-4.162242,0.951459679,0.015005468,0.997934846,0.950789493,50.37920899,-4.160616884
50.377223,-4.151054,0.953356048,0.013397308,0.992564096,0.952710761,50.37675821,-4.17917194
50.377229,-4.151239,0.95335625,0.013402625,0.992652787,0.952710966,50.37677353,-4.16543283
50.377269,-4.15153,0.953356632,0.013438065,0.992792304,0.952711353,50.37682951,-4.166839352
50.377654,-4.159072,0.947594848,0.013779186,0.996411634,0.94687424,50.3776269,-4.155709987
51.3832,-2.362,0.353338439,0.91361497,0.319715562,0.350022778,51.37297356,-4.157919701
50.3859,-4.06035,0.122993786,0.021085988,0.949555721,0.12142852,50.38353138,-4.16960451
50.377335,-4.150677,0.94757883,0.013496543,0.992383371,0.946858014,50.37688243,-4.157876025
50.382098,-4.164429,0.947606575,0.017716877,0.998986394,0.94688612,50.38252573,-4.160369521
50.384557,-4.166407,0.951497647,0.019895871,0.999937928,0.950827959,50.38517083,-4.153200892
50.381618,-4.164074,0.947605677,0.017291548,0.998815666,0.94688521,50.38200756,-4.159405554
50.3701,-4.12684,0.403744417,0.007086616,0.980989774,0.400251074,50.36990521,-4.159756886
50.380307,-4.163183,0.951462285,0.016129886,0.998387228,0.950792134,50.38057894,-4.144636979
50.379664,-4.162681,0.951460982,0.015560142,0.99814588,0.950790814,50.37988354,-4.166643115
50.380059,-4.162996,0.947602576,0.015910139,0.99829732,0.946882069,50.38032832,-4.177305341
50.377483,-4.153286,0.947581705,0.013627675,0.993634404,0.946860927,50.37716466,-4.150552607
50.381477,-4.16399,0.947605407,0.017166608,0.998775271,0.946884937,50.38185634,-4.15076494
50.379502,-4.162559,0.947601431,0.0154166,0.998087231,0.946880908,50.37972583,-4.171756831
51.4787,-3.17941,0.922462852,1,0.581274408,0.921424939,51.49731552,-4.159644492
50.3725,-4.13416,0.802062492,0.00921282,0.984481602,0.799758726,50.37163197,-4.133661791
50.377294,-4.152081,0.953357149,0.013460216,0.993056501,0.952711877,50.37688259,-4.097378459
50.377346,-4.150056,0.95335497,0.013506289,0.992085713,0.952709669,50.37683762,-4.172370237
50.377359,-4.152528,0.947580807,0.013517808,0.993270857,0.946860017,50.37699817,-4.16523249
50.37807,-4.158266,0.953369213,0.014147776,0.996024529,0.9527241,50.37799538,-4.162134385
50.378546,-4.159227,0.953370943,0.014569532,0.996486086,0.952725852,50.37853907,-4.174249581
50.377392,-4.147587,0.953351937,0.013547046,0.990902712,0.952706596,50.37676471,-4.155576741
50.378542,-4.159296,0.951455501,0.014565987,0.996519229,0.95078526,50.37854688,-4.16651464
50.378554,-4.160191,0.951456736,0.01457662,0.99694919,0.950786512,50.37860335,-4.14711266
50.377606,-4.159307,0.947595207,0.013736656,0.996524513,0.946874604,50.37758837,-4.135175412
50.381733,-4.164079,0.951465184,0.017393449,0.998818071,0.95079507,50.3821105,-4.173239281
50.37736,-4.152286,0.947580537,0.013518694,0.993154804,0.946859743,50.37698735,-4.173814664
50.378073,-4.156911,0.953362855,0.014150434,0.99537392,0.952717658,50.37793202,-4.163172663
50.378677,-4.161919,0.947599701,0.014685604,0.997779588,0.946879156,50.37883382,-4.179240855
50.377431,-4.153162,0.953358429,0.013581601,0.993574927,0.952713174,50.37707848,-4.166343705
50.3701,-4.12684,0.430888146,0.007086616,0.980989774,0.427329667,50.36985168,-4.139698861
50.378564,-4.159486,0.951455748,0.01458548,0.996610498,0.95078551,50.37857916,-4.135069118
50.377637,-4.154107,0.947582694,0.013764123,0.994028241,0.946861928,50.37736555,-4.171083537
50.377459,-4.147426,0.947574831,0.01360641,0.990825595,0.946853963,50.37685258,-4.168252156
50.380557,-4.163385,0.953378874,0.016351405,0.998484352,0.952733887,50.38084105,-4.133921227
50.377511,-4.148652,0.953353487,0.013652484,0.991412912,0.952708166,50.37694097,-4.151027338
50.378548,-4.160659,0.953373077,0.014571304,0.997174056,0.952728015,50.37861149,-4.148646909
50.380427,-4.163326,0.953378626,0.016236215,0.998455983,0.952733637,50.38070255,-4.142212568
50.381245,-4.163817,0.947604868,0.016961033,0.998692078,0.94688439,50.38160583,-4.177072166
50.378484,-4.159552,0.953371325,0.014514597,0.996642203,0.952726239,50.37849036,-4.149039937
50.378188,-4.15647,0.947586625,0.014252328,0.995162218,0.946865911,50.37805619,-4.145454644
50.37735,-4.152468,0.947580739,0.013509833,0.993242083,0.946859948,50.37698584,-4.1727918
50.377421,-4.147907,0.953352296,0.013572741,0.991055998,0.95270696,50.37681062,-4.171312879
50.381832,-4.1642,0.951465431,0.017481173,0.998876261,0.95079532,50.38221972,-4.161909187
50.376756,-4.144892,0.953348836,0.012983538,0.989612229,0.952703455,50.37596946,-4.139379508
50.384178,-4.166387,0.951470081,0.019560021,0.999928304,0.950800032,50.3847746,-4.134027483
50.383183,-4.165583,0.951468172,0.018678315,0.999541481,0.950798097,50.38369706,-4.167707099
50.378516,-4.158611,0.953370134,0.01454295,0.996190216,0.952725033,50.37847753,-4.169368898
50.382866,-4.16507,0.947608732,0.018397414,0.999294703,0.946888305,50.3833584,-4.172832803
50.379405,-4.162503,0.947601251,0.015330652,0.99806031,0.946880726,50.37962189,-4.131960713
50.382661,-4.164772,0.947608193,0.018215759,0.999151365,0.946887759,50.3831299,-4.173534717
50.379996,-4.162907,0.953377705,0.015854317,0.998254531,0.952732704,50.38023237,-4.16932669
50.378118,-4.155503,0.953361372,0.014190306,0.994698088,0.952716156,50.37790987,-4.169924303
50.377707,-4.158835,0.947594534,0.013826145,0.9962978,0.946873922,50.37767054,-4.006456519
50.377366,-4.149928,0.953354835,0.01352401,0.992024366,0.952709532,50.37685221,-4.168940416
50.3701,-4.12684,0.525810036,0.007086616,0.980989774,0.522191912,50.36963728,-4.150478676
50.378054,-4.158229,0.953369168,0.014133599,0.99600676,0.952724054,50.37797687,-4.167766883
50.378524,-4.160347,0.951456916,0.014550039,0.997024143,0.950786694,50.37857972,-4.169425395
50.377351,-4.150013,0.953354925,0.013510719,0.992065104,0.952709623,50.37684073,-4.14060121
50.3725,-4.13416,0.740241008,0.00921282,0.984481602,0.73745074,50.37185669,-4.179267595
50.37726,-4.151485,0.953356587,0.013430091,0.992770728,0.952711308,50.37681792,-4.173204203
50.378093,-4.16149,0.947598577,0.014168155,0.997573398,0.946878018,50.37820358,-4.165897994
50.379785,-4.162833,0.947601992,0.015667356,0.998218955,0.946881477,50.38003449,-4.144075321
50.382444,-4.164664,0.953382513,0.018023472,0.999099419,0.952737575,50.38287236,-4.171596138
50.383293,-4.165681,0.951468374,0.01877579,0.999588627,0.950798302,50.38381664,-4.134967488
50.378522,-4.159379,0.953371123,0.014548267,0.996559099,0.952726034,50.3785215,-4.170628584
50.382249,-4.164456,0.947606845,0.01785068,0.99899938,0.946886393,50.38268457,-4.162470859
50.379742,-4.162738,0.951461117,0.015629255,0.998173283,0.95079095,50.37996771,-4.134576516
50.3735,-4.13807,0.347906076,0.010098768,0.986349308,0.344613966,50.3740978,-4.144646763
50.381416,-4.163954,0.953380469,0.017112556,0.998757959,0.952735503,50.38176508,-4.137490024
50.380603,-4.163378,0.947603632,0.016392165,0.998480986,0.946883139,50.38091455,-4.126403573
50.377536,-4.148444,0.95335324,0.013674634,0.991313257,0.952707916,50.37695686,-4.164558642
50.3701,-4.12684,0.458125176,0.007086616,0.980989774,0.45452283,50.3697945,-4.135428517
51.4787,-3.17941,0.922459707,1,0.581274408,0.921421755,51.49731553,-4.157834196
50.378519,-4.161495,0.953373931,0.014545608,0.997575801,0.95272888,50.37862232,-4.147431352
50.378508,-4.161551,0.951458444,0.014535862,0.997602715,0.950788242,50.37862219,-4.157405114
50.377284,-4.150771,0.953355846,0.013451356,0.992428431,0.952710556,50.37680797,-4.147660773
50.377891,-4.157965,0.947593388,0.013989175,0.995879984,0.946872761,50.37781975,-4.16184983
50.381652,-4.1641,0.947605744,0.017321675,0.99882817,0.946885278,50.3820443,-4.15379846
50.377437,-4.149325,0.947577167,0.013586918,0.991735387,0.94685633,50.3769226,-4.152903808
50.383004,-4.165353,0.95146779,0.018519699,0.999430836,0.95079771,50.38349902,-4.164434263
50.377759,-4.161233,0.947597881,0.013872219,0.997449887,0.946877313,50.37784257,-4.133374312
50.382971,-4.165294,0.953383816,0.018490457,0.999402454,0.952738895,50.3834531,-4.147546083
50.382992,-4.165351,0.947609114,0.018509065,0.999429874,0.946888692,50.38350367,-4.136360954
50.3701,-4.12684,0.303430064,0.007086616,0.980989774,0.300362981,50.37007296,-4.17895822
50.383355,-4.165712,0.953384625,0.01883073,0.999603541,0.952739714,50.38387424,-4.135901864
50.3701,-4.12684,0.54000519,0.007086616,0.980989774,0.536400623,50.36960158,-4.135347408
50.377897,-4.154792,0.947584446,0.013994492,0.994356898,0.946863703,50.37767034,-4.169027512
50.378529,-4.16094,0.951457612,0.014554469,0.997309083,0.950787399,50.37861407,-4.167036243
50.377926,-4.15745,0.953367843,0.014020187,0.995632698,0.952722711,50.37780512,-4.16852715
50.379554,-4.162577,0.951460713,0.015462675,0.998095884,0.95079054,50.37976369,-4.138855789
50.3786,-4.161823,0.947599499,0.014617378,0.997733446,0.946878951,50.37874878,-4.15185935
50.378555,-4.160386,0.95337274,0.014577506,0.997042881,0.952727673,50.37860538,-2.11331163
50.3859,-4.06035,1,0.021085988,0.949555721,1,50.38120774,-4.130161585
50.380855,-4.163538,0.953379435,0.016615458,0.998557919,0.952734456,50.38115943,-4.153024014
50.378589,-4.160037,0.951456534,0.014607632,0.996875202,0.950786307,50.3786323,-4.148526154
50.377055,-4.145556,0.953349735,0.013248457,0.989930103,0.952704365,50.37631381,-4.173908062
50.378519,-4.161022,0.953373482,0.014545608,0.997348488,0.952728424,50.37859907,-4.166403775
50.377309,-4.152246,0.953357351,0.013473506,0.993135623,0.952712081,50.37690633,-4.164024415
50.377502,-4.153731,0.953359036,0.013644509,0.993847863,0.952713789,50.37718043,-4.15827251
50.382519,-4.164751,0.95338276,0.018089931,0.999141264,0.952737825,50.38295487,-4.172096852
50.377428,-4.149474,0.947577347,0.013578943,0.991806789,0.946856512,50.37692051,-4.15018508
50.383978,-4.166184,0.951469654,0.019382792,0.999830629,0.950799599,50.38455597,-4.16587557
50.377327,-4.15024,0.953355149,0.013489455,0.992173903,0.952709851,50.37682681,-4.131289847
50.377343,-4.151876,0.947580088,0.013503631,0.992958202,0.946859288,50.37694952,-4.152286439
50.3701,-4.12684,0.303428806,0.007086616,0.980989774,0.30036173,50.37007296,-4.137338816
50.377973,-4.154906,0.947584626,0.01406183,0.9944116,0.946863885,50.3777552,-4.166863019
50.377778,-4.158444,0.947594062,0.013889054,0.996110012,0.946873444,50.3777254,-4.179391198
50.3701,-4.12684,0.603750339,0.007086616,0.980989774,0.600278748,50.36942958,-4.150649372
50.377742,-4.158633,0.947594286,0.013857156,0.996200782,0.946873671,50.37769713,-4.134462768
50.377378,-4.160714,0.947596848,0.013534642,0.997200484,0.946876266,50.37741966,-4.177727111
50.382953,-4.165201,0.947608934,0.018474507,0.999357718,0.94688851,50.3834556,-4.164303224
50.377382,-4.149887,0.947577796,0.013538186,0.992004716,0.946856967,50.37689276,-4.138382212
50.377367,-4.152571,0.947580852,0.013524896,0.993291478,0.946860062,50.37700862,-4.140412247
50.380791,-4.163559,0.951463386,0.016558749,0.998568017,0.950793249,50.3811023,-4.145342727
50.377197,-4.151053,0.947579009,0.013374272,0.992563617,0.946858196,50.37675691,-4.139124279
50.379306,-4.162409,0.9533762,0.015242932,0.998015123,0.952731179,50.37948815,-4.154783481
50.3701,-4.12684,0.493293143,0.007086616,0.980989774,0.489666005,50.3697155,-4.191862863
50.383615,-4.165925,0.94761044,0.019061124,0.999706016,0.946890034,50.38418181,-4.1546803
50.377432,-4.160329,0.947596331,0.013582487,0.997015494,0.946875742,50.37745707,-4.141302826
50.378132,-4.155701,0.953361597,0.01420271,0.994793113,0.952716383,50.37793419,-4.154576074
50.377238,-4.146513,0.94757391,0.013410599,0.990388334,0.94685303,50.37657738,-4.159158812
50.383944,-4.166157,0.951469587,0.019352663,0.999817638,0.950799531,50.38451917,-4.145108726
50.377565,-4.153977,0.953359328,0.013700329,0.993965874,0.952714085,50.37725821,-4.157755813
50.377872,-4.154698,0.947583929,0.013972341,0.994311795,0.94686318,50.37763965,-4.167512269
50.38043,-4.163278,0.951462555,0.016238873,0.998432904,0.950792407,50.38071191,-4.166903151
50.382343,-4.164562,0.947607631,0.017933975,0.999050361,0.94688719,50.38278784,-4.175838451
50.378134,-4.156324,0.953362226,0.014204482,0.995092135,0.952717021,50.37796684,-4.130653409
50.377354,-4.152039,0.947580267,0.013513377,0.993036361,0.94685947,50.37696899,-4.097368092
50.382343,-4.164595,0.951466442,0.017933975,0.999066233,0.950796344,50.3827722,-4.170844483
50.381353,-4.163899,0.94760516,0.017056732,0.99873151,0.946884686,50.38172252,-4.153690316
50.382024,-4.16437,0.951465813,0.017651306,0.998958019,0.950795707,50.38242837,-4.164347953
50.377427,-4.153095,0.947581481,0.013578057,0.993542791,0.946860699,50.37709689,-4.163486946
50.381472,-4.163942,0.951464644,0.017162177,0.998752188,0.950794524,50.3818315,-4.172357108
50.376566,-4.14465,0.953348409,0.012815195,0.98949639,0.952703022,50.37575945,-4.163858364
50.382704,-4.164911,0.953383142,0.018253862,0.999218223,0.952738212,50.38315573,-4.139913592
50.381299,-4.163858,0.953380244,0.017008883,0.998711794,0.952735276,50.38163831,-4.165416601
50.381508,-4.16401,0.947605475,0.017194077,0.998784889,0.946885005,50.38188967,-4.1768233
50.377495,-4.148755,0.953353599,0.013638307,0.991462262,0.95270828,50.37692932,-4.154008122
50.3701,-4.12684,0.012284856,0.007086616,0.980989774,0.012108779,50.370292,-4.14601566
50.378643,-4.161893,0.947599633,0.014655478,0.997767091,0.946879088,50.37879708,-4.135047409
50.378127,-4.155802,0.953361687,0.01419828,0.994841587,0.952716474,50.37793393,-4.179456836
50.379156,-4.162288,0.947600734,0.015110023,0.997956958,0.946880203,50.37935159,-4.160520744
50.379843,-4.162818,0.951461319,0.015718748,0.998211743,0.950791155,50.38007699,-4.08544655
50.378558,-4.159065,0.953370763,0.014580164,0.996408271,0.95272567,50.37854363,-4.148841857
50.378153,-4.155787,0.947585794,0.014221317,0.994834388,0.946865069,50.37798617,-4.12948788
50.378518,-4.160538,0.951457141,0.014544722,0.997115915,0.950786921,50.37858285,-4.135952956
50.378481,-4.158607,0.953370067,0.014511939,0.996188295,0.952724965,50.37844082,-4.163285343
50.382022,-4.164393,0.953381614,0.017649533,0.99896908,0.952736664,50.38241882,-4.168955716
50.379973,-4.162934,0.947602397,0.015833937,0.998267512,0.946881887,50.38023556,-4.154125795
50.378682,-4.16198,0.95337474,0.014690034,0.997808908,0.952729699,50.37881617,-4.154533457
50.382919,-4.165173,0.951467565,0.018444378,0.999344249,0.950797482,50.3834015,-4.168362654
50.378138,-4.155446,0.94758539,0.014208026,0.994670733,0.946864659,50.3779538,-4.15487879
50.379947,-4.162912,0.947602329,0.015810899,0.998256935,0.946881819,50.38020736,-4.174327924
50.3779,-4.158099,0.953368809,0.01399715,0.995944332,0.95272369,50.37780986,-4.162979627
50.383684,-4.165916,0.953385321,0.019122267,0.999701686,0.95274042,50.38422748,-4.168606067
50.382782,-4.164984,0.953383299,0.01832298,0.999253336,0.952738371,50.38324069,-4.143603927
50.382842,-4.165049,0.951467385,0.018376147,0.999284602,0.9507973,50.38331507,-4.177062721
50.377355,-4.150303,0.947578246,0.013514264,0.9922041,0.946857422,50.37688497,-4.140522325
50.381184,-4.163776,0.953380042,0.016906982,0.998672362,0.952735071,50.38151432,-4.134311291
50.379381,-4.162466,0.947601183,0.015309386,0.998042523,0.946880658,50.37959504,-4.165028461
50.378537,-4.161187,0.951457949,0.014561557,0.99742778,0.950787741,50.37863455,-4.179591713
50.379433,-4.162525,0.947601296,0.015355461,0.998070886,0.946880772,50.37965218,-4.134022447
50.37857,-4.159837,0.953372089,0.014590797,0.996779116,0.952727013,50.37859406,-4.132765656
50.378191,-4.156253,0.947586401,0.014254986,0.995058055,0.946865683,50.37804867,-4.140301352
50.377653,-4.154158,0.947582761,0.0137783,0.994052709,0.946861997,50.37738474,-4.16409616
50.3698,-4.14152,0.731819208,0.006820847,0.98799875,0.72897125,50.36942928,-4.144400486
50.37787,-4.15474,0.953360406,0.013970569,0.994331947,0.952715177,50.37761376,-4.147980765
50.383854,-4.166114,0.947610889,0.019272911,0.999796949,0.94689049,50.38444043,-4.168583421
50.382981,-4.165344,0.953383884,0.018499318,0.999426507,0.952738963,50.38346599,-4.175012892
50.377129,-4.146097,0.953350297,0.013314022,0.990189132,0.952704934,50.37641747,-4.169504068
50.378577,-4.158659,0.953370292,0.014596999,0.996213269,0.952725192,50.37854351,-4.016274897
50.377877,-4.158025,0.953368651,0.013976771,0.995908796,0.952723531,50.37778223,-4.142424345
50.382844,-4.165036,0.947608665,0.018377919,0.999278349,0.946888236,50.38333378,-4.145839087
50.378133,-4.155397,0.947585322,0.014203596,0.994647217,0.946864591,50.37794618,-4.172111607
50.377689,-4.15425,0.947582874,0.013810197,0.994096847,0.94686211,50.3774268,-4.171822765
51.4588,-0.971998,0.574790873,0.98198612,0.0521132,0.571244253,51.4328951,-4.160399767
50.378567,-4.160283,0.953372606,0.014588139,0.996993393,0.952727537,50.37861284,-4.173156347
50.37845,-4.161751,0.947599206,0.014484471,0.99769884,0.946878655,50.37858878,-4.132863231
50.381372,-4.163916,0.951464487,0.017073567,0.998739685,0.950794364,50.38172591,-4.166964457
50.378362,-4.161718,0.947599049,0.0144065,0.997682979,0.946878496,50.37849537,-4.17715987
50.377418,-4.149454,0.953354341,0.013570083,0.991797205,0.952709031,50.37688323,-4.16958042
50.381272,-4.163836,0.953380199,0.016984958,0.998701215,0.95273523,50.38160907,-4.154198631
50.377404,-4.147748,0.953352116,0.013557679,0.990979833,0.952706778,50.3767851,-4.170491795
50.377833,-4.158245,0.947593792,0.013937785,0.996014444,0.946873171,50.377773,-4.158468479
50.379245,-4.16238,0.953376065,0.015188882,0.998001182,0.952731042,50.37942309,-4.179096217
50.383962,-4.16616,0.947611091,0.019368614,0.999819082,0.946890694,50.38455536,-4.164758443
50.379813,-4.162794,0.951461252,0.015692166,0.998200205,0.950791087,50.38004452,-4.133263939
50.384255,-4.16627,0.947611563,0.019628254,0.999872008,0.946891172,50.38486642,-4.172944547
50.381866,-4.164216,0.951465498,0.017511301,0.998883956,0.950795388,50.38225598,-4.128557861
50.380694,-4.16341,0.953379121,0.016472799,0.998496372,0.952734138,50.38098519,-4.129803899
50.380848,-4.163541,0.947604127,0.016609256,0.998559361,0.946883639,50.38117813,-4.17015763
50.378125,-4.156374,0.953362271,0.014196508,0.995116136,0.952717066,50.37795991,-4.168369461
50.378097,-4.155362,0.953361193,0.014171699,0.994630421,0.952715974,50.37788105,-4.152468865
50.382701,-4.164909,0.951467138,0.018251204,0.999217261,0.95079705,50.3831611,-4.154591286
50.383508,-4.1658,0.951468778,0.018966308,0.999645877,0.950798711,50.38404677,-4.166933894
50.378521,-4.16128,0.953373751,0.014547381,0.997472474,0.952728698,50.37861384,-4.140602849
50.380427,-4.163247,0.947603273,0.016236215,0.998417999,0.946882775,50.38072452,-4.170426329
50.382112,-4.164426,0.951465992,0.017729283,0.998984952,0.950795889,50.38252292,-4.128445064
50.380962,-4.163653,0.951463701,0.01671027,0.998613216,0.950793568,50.38128529,-4.126682828
50.376925,-4.145198,0.953349286,0.013133274,0.989758713,0.95270391,50.37616071,
50.383449,-4.165775,0.951468643,0.018914026,0.99963385,0.950798575,50.383984,
50.38219,-4.164491,0.947606688,0.0177984,0.999016213,0.946886234,50.38262475,
50.377893,-4.154793,0.953360474,0.013990947,0.994357378,0.952715245,50.37764035,
50.377437,-4.149247,0.953354138,0.013586918,0.99169801,0.952708827,50.37689291,
50.384162,-4.166196,0.947611383,0.019545843,0.999836403,0.94689099,50.38476577,
50.377444,-4.160272,0.947596263,0.01359312,0.996988107,0.946875674,50.37746679,
50.377586,-4.154269,0.95144265,0.013718936,0.994105963,0.950772241,50.37730303,
50.378011,-4.158166,0.953369056,0.0140955,0.995976506,0.95272394,50.37792893,
50.377987,-4.158146,0.953368988,0.014074235,0.995966902,0.952723872,50.37790291,
50.383409,-4.165745,0.947610013,0.018878581,0.999619417,0.946889602,50.38395805,
50.377622,-4.159148,0.947595028,0.013750833,0.996448139,0.946874422,50.37759725,
50.378151,-4.155668,0.947585659,0.014219545,0.994777275,0.946864932,50.37797825,
50.377471,-4.153245,0.94758166,0.013617043,0.993614738,0.946860881,50.37715014,
50.378604,-4.161827,0.951458758,0.014620922,0.997735369,0.95078856,50.37873589,
50.382963,-4.165248,0.953383771,0.018483368,0.999380326,0.952738849,50.38344249,
50.382811,-4.165035,0.95146734,0.018348677,0.999277868,0.950797255,50.38328205,
50.377525,-4.148476,0.947576246,0.013664888,0.991328588,0.946855397,50.37697282,
50.378136,-4.155659,0.953361552,0.014206254,0.994772955,0.952716338,50.3779363,
50.380157,-4.163079,0.95337811,0.015996974,0.998337225,0.952733113,50.38040876,
51.4557,-2.58298,0.020071044,0.979180565,0.382815174,0.019785635,51.45612422,
50.377258,-4.150825,0.953355891,0.013428319,0.992454317,0.952710602,50.3767835,
50.382397,-4.164652,0.951466554,0.017981825,0.999093648,0.950796458,50.38283134,
50.381863,-4.164291,0.9533813,0.017508643,0.998920025,0.952736346,50.38224794,
50.3701,-4.12684,0.817814125,0.007086616,0.980989774,0.815652046,50.36871221,
50.380285,-4.16321,0.953378357,0.016110392,0.998400209,0.952733364,50.38054872,
50.381907,-4.164312,0.947606216,0.017547631,0.998930125,0.946885756,50.38232073,
50.382645,-4.164862,0.95338303,0.018201581,0.999194654,0.952738098,50.38309177,
50.377271,-4.15173,0.953356812,0.013439837,0.992888197,0.952711535,50.3768414,
50.384158,-4.166347,0.951470014,0.019542298,0.999909058,0.950799963,50.38475176,
50.379916,-4.16284,0.953377548,0.015783431,0.99822232,0.952732544,50.38014562,
50.380728,-4.163521,0.951463251,0.016502926,0.998549745,0.950793112,50.38103471,
50.377523,-4.153824,0.953359148,0.013663116,0.993892476,0.952713902,50.3772069,
50.382311,-4.164483,0.947607519,0.017905619,0.999012365,0.946887076,50.38275057,
50.377889,-4.154614,0.947583435,0.013987403,0.99427149,0.946862679,50.37765327,
50.377143,-4.146395,0.953350723,0.013326427,0.990331828,0.952705367,50.37644665,
50.37792,-4.154883,0.953360564,0.01401487,0.994400564,0.952715336,50.37767293,
50.37741,-4.14951,0.953354385,0.013562995,0.991824041,0.952709077,50.37687763,
50.381385,-4.163914,0.947605227,0.017085087,0.998738723,0.946884755,50.38175664,
50.381974,-4.164307,0.9514657,0.017607,0.99892772,0.950795593,50.38237311,
50.377475,-4.160078,0.947596061,0.013620587,0.9968949,0.946875469,50.37748959,
50.378036,-4.157338,0.947587704,0.014117651,0.995578923,0.946867003,50.37794024,
50.37735,-4.151939,0.947580155,0.013509833,0.99298841,0.946859357,50.37695991,
50.382882,-4.165108,0.951467475,0.018411592,0.999312982,0.950797391,50.3833597,
50.379724,-4.162783,0.94760188,0.015613306,0.998194917,0.946881364,50.37996841,
50.37907,-4.162264,0.953375504,0.015033822,0.997945421,0.952730473,50.37923485,
50.376366,-4.144269,0.95334778,0.012637993,0.989314029,0.952702385,50.37553221,
50.377728,-4.154343,0.947583008,0.013844752,0.994141466,0.946862247,50.37747204,
50.377429,-4.147824,0.947575302,0.013579829,0.991016238,0.946854441,50.37684077,
50.377309,-4.150529,0.94757856,0.013473506,0.992312428,0.946857741,50.37684806,
50.377272,-4.151779,0.953356857,0.013440724,0.992911691,0.952711581,50.37684484,
50.383538,-4.165819,0.94761026,0.018992892,0.999655018,0.946889852,50.38409627,
50.380866,-4.16359,0.951463521,0.016625205,0.998582923,0.950793385,50.38118206,
50.377624,-4.161161,0.947597656,0.013752605,0.997415286,0.946877085,50.37769821,
50.384345,-4.166325,0.94761172,0.019708007,0.999898472,0.946891332,50.38496302,
50.377612,-4.154294,0.951442627,0.013741973,0.994117957,0.950772218,50.37733138,
50.382785,-4.165013,0.951467295,0.018325638,0.999267285,0.950797209,50.38325384,
50.381945,-4.164335,0.947606283,0.017581303,0.998941186,0.946885824,50.3823615,
50.377117,-4.145876,0.953350117,0.01330339,0.990083314,0.952704752,50.37639414,
50.378901,-4.162083,0.947600128,0.014884079,0.997858417,0.946879588,50.37907553,
50.378119,-4.155977,0.953361867,0.014191192,0.994925579,0.952716657,50.37793417,
50.37735,-4.150252,0.947578178,0.013509833,0.992179655,0.946857354,50.37687726,
50.377336,-4.15174,0.947579953,0.013497429,0.992892992,0.946859152,50.37693556,
50.377279,-4.146836,0.95335115,0.013446926,0.990543017,0.952705799,50.37661009,
50.3701,-4.12684,0.341718783,0.007086616,0.980989774,0.33845454,50.37001451,
50.380156,-4.163068,0.947602779,0.015996088,0.998331936,0.946882274,50.38043304,
50.377566,-4.148302,0.947576066,0.013701215,0.991245226,0.946855215,50.37700707,
50.37739,-4.152727,0.947581031,0.013545274,0.993366293,0.946860244,50.37704026,
50.378152,-4.155991,0.947586064,0.014220431,0.994932299,0.946865342,50.37799514,
50.377574,-4.148236,0.953353015,0.013708303,0.991213607,0.952707688,50.37698631,
50.382674,-4.164871,0.951467093,0.018227279,0.999198983,0.950797004,50.38313106,
50.384583,-4.166435,0.951504791,0.019918911,0.999951401,0.950835197,50.3851993,
50.377431,-4.149366,0.953354251,0.013581601,0.991755035,0.95270894,50.37689248,
50.377968,-4.161396,0.947598285,0.0140574,0.997528222,0.946877722,50.37806858,
50.37746,-4.153521,0.953358811,0.013607296,0.993747126,0.952713561,50.37712633,
50.376265,-4.144199,0.953347488,0.012548507,0.989280526,0.952702089,50.37542344,
50.383138,-4.16553,0.951468082,0.01863844,0.999515984,0.950798006,50.38364751,
50.380462,-4.163301,0.951462622,0.016267228,0.998443963,0.950792475,50.38074643,
50.380881,-4.16357,0.953379503,0.016638497,0.998573306,0.952734525,50.38118812,
50.383647,-4.165948,0.947610507,0.01908948,0.999717082,0.946890103,50.38421632,
50.383544,-4.165811,0.951468845,0.018998209,0.999651169,0.95079878,50.38408487,
50.378904,-4.162123,0.953375122,0.014886737,0.997877644,0.952730086,50.37905477,
50.378745,-4.162014,0.951459073,0.014745855,0.997825251,0.950788879,50.37889215,
50.377376,-4.149944,0.947577864,0.01353287,0.992032034,0.946857035,50.37688929,
50.3701,-4.12684,0.297403786,0.007086616,0.980989774,0.294371609,50.37008153,
50.382467,-4.164711,0.951466689,0.018043853,0.999122025,0.950796595,50.38290726,
50.382332,-4.164578,0.953382221,0.017924227,0.999058056,0.952737279,50.38275129,
50.37752,-4.148107,0.953352678,0.013660458,0.991151808,0.952707347,50.37692367,
50.377517,-4.159766,0.947595724,0.0136578,0.996745007,0.946875128,50.37751808,
50.377357,-4.152614,0.953357823,0.013516036,0.9933121,0.952712559,50.37697443,
50.383998,-4.166183,0.947611158,0.019400515,0.999830148,0.946890763,50.38459404,
50.378585,-4.158853,0.953370516,0.014604087,0.996306445,0.95272542,50.37856138,
50.37633,-4.144248,0.953347713,0.012606097,0.989303978,0.952702317,50.37549363,
50.377734,-4.154419,0.953359957,0.013850068,0.994177929,0.952714722,50.37745616,
50.37777,-4.158486,0.947594107,0.013881965,0.996130183,0.946873489,50.37771912,
50.378955,-4.162177,0.9514595,0.014931926,0.997903601,0.950789311,50.37911921,
50.378506,-4.159803,0.953371662,0.01453409,0.996762782,0.952726581,50.37852563,
50.378609,-4.161876,0.95337456,0.014625353,0.99775892,0.952729517,50.37873492,
50.37853,-4.161635,0.951458534,0.014555355,0.997643087,0.950788333,50.37864927,
50.384324,-4.166482,0.951470351,0.019689398,0.999974016,0.950800305,50.38493158,
50.3701,-4.12684,0.430885944,0.007086616,0.980989774,0.427327469,50.36985169,
50.377686,-4.15899,0.947594713,0.013807539,0.996372247,0.946874104,50.37765625,
50.381349,-4.163911,0.953380334,0.017053187,0.998737281,0.952735367,50.38169308,
50.37775,-4.154489,0.951443122,0.013864245,0.994211515,0.950772719,50.37748488,
50.380367,-4.163235,0.95146242,0.01618305,0.998412229,0.95079227,50.38064408,
50.377761,-4.158527,0.947594174,0.013873991,0.996149873,0.946873558,50.37771174,
50.3698,-4.14152,0.734614673,0.006820847,0.98799875,0.731785635,50.36941961,
50.376832,-4.145049,0.953349061,0.013050875,0.989687385,0.952703682,50.37605641,
50.379967,-4.162941,0.951461611,0.015828621,0.998270877,0.950791451,50.38021238,
50.377946,-4.154873,0.947584581,0.014037907,0.994395765,0.94686384,50.37772542,
50.38034,-4.163269,0.953378492,0.016159126,0.998428577,0.9527335,50.38060899,
50.381544,-4.164027,0.947605542,0.017225976,0.998793064,0.946885073,50.38192805,
50.37733,-4.15057,0.947578605,0.013492113,0.992332081,0.946857786,50.37687197,
50.378503,-4.159459,0.953371213,0.014531432,0.996597528,0.952726125,50.37850561,
50.384355,-4.166504,0.951470396,0.019716869,0.999984602,0.95080035,50.384965,
50.377393,-4.160625,0.947596713,0.013547932,0.997157718,0.946876129,50.37743093,
50.378543,-4.161685,0.95337429,0.014566874,0.997667118,0.952729244,50.37865669,
50.382976,-4.165293,0.947609047,0.018494887,0.999401973,0.946888623,50.38348412,
50.378057,-4.157126,0.947587434,0.014136257,0.995477139,0.94686673,50.37795174,
50.3701,-4.12684,0.042829265,0.007086616,0.980989774,0.042234381,50.37028773,
50.377065,-4.145598,0.953349802,0.013257317,0.989950212,0.952704434,50.3763263,
50.378521,-4.16113,0.953373594,0.014547381,0.997400388,0.952728538,50.37860647,
50.377429,-4.147026,0.947574359,0.013579829,0.990634012,0.946853485,50.37680171,
50.378141,-4.156163,0.953362091,0.014210685,0.995014856,0.952716884,50.37796624,
50.377499,-4.154131,0.951442515,0.013641851,0.994039755,0.950772104,50.37720552,
50.384089,-4.166298,0.951469879,0.019481154,0.999885481,0.950799827,50.38467737,
50.382289,-4.164491,0.953382064,0.017886125,0.999016213,0.952737119,50.38270216,
50.377527,-4.148159,0.953352813,0.01366666,0.991176719,0.952707484,50.37693352,
50.377521,-4.148526,0.947576291,0.013661344,0.991352543,0.946855442,50.3769711,
50.3725,-4.13416,0.347976598,0.00921282,0.984481602,0.344684176,50.37286394,
50.378838,-4.162087,0.953375032,0.014828258,0.99786034,0.952729995,50.37898415,
50.383479,-4.165785,0.947610147,0.01894061,0.999638661,0.946889739,50.38403304,
50.382234,-4.164457,0.953381974,0.017837388,0.998999861,0.952737028,50.38264311,
50.379097,-4.162232,0.953375594,0.015057746,0.997930039,0.952730564,50.37926144,
50.378044,-4.157424,0.947587816,0.014124739,0.995620214,0.946867117,50.37795281,
50.377434,-4.153316,0.953358587,0.01358426,0.993648793,0.952713333,50.37708916,
50.379133,-4.162315,0.953375773,0.015089644,0.997969936,0.952730746,50.37930307,
50.378529,-4.161363,0.951458129,0.014554469,0.997512362,0.950787923,50.37863486,
50.37814,-4.158365,0.95336937,0.014209798,0.996072072,0.952724259,50.37807325,
50.377875,-4.157807,0.953368382,0.013974999,0.995804114,0.952723258,50.37776945,
50.377251,-4.151231,0.947579279,0.013422117,0.992648952,0.946858469,50.37682196,
50.378129,-4.155751,0.953361642,0.014200052,0.99481711,0.952716429,50.37793351,
50.38323,-4.165635,0.9533844,0.018719963,0.999566497,0.952739487,50.38374005,
50.381953,-4.164275,0.951465655,0.017588392,0.99891233,0.950795548,50.38234963,
50.384204,-4.166406,0.951470126,0.019583061,0.999937447,0.950800077,50.38480265,
50.377528,-4.159708,0.947595657,0.013667546,0.996717144,0.94687506,50.3775267,
50.377406,-4.147376,0.953351734,0.013559451,0.990801646,0.952706391,50.37676898,
50.3774,-4.147333,0.95335169,0.013554135,0.99078105,0.952706346,50.37676062,
50.37858,-4.158957,0.953370629,0.014599657,0.996356397,0.952725534,50.37856127,
50.383823,-4.166088,0.947610821,0.019245441,0.99978444,0.946890421,50.38440681,
50.377442,-4.147324,0.947574696,0.013591348,0.99077674,0.946853826,50.37682986,
50.37718,-4.146488,0.953350791,0.013359209,0.990376362,0.952705435,50.37648979,
50.379309,-4.162386,0.947601004,0.01524559,0.998004066,0.946880476,50.379516,
50.383563,-4.165842,0.947610305,0.019015045,0.999666084,0.946889898,50.38412348,
50.377554,-4.148198,0.95335297,0.013690583,0.991195402,0.952707643,50.37696359,
50.379529,-4.162556,0.951460668,0.015440523,0.998085789,0.950790495,50.37973658,
50.380727,-4.163469,0.947603879,0.01650204,0.998524741,0.946883389,50.38104838,
50.383685,-4.165964,0.947610574,0.019123154,0.99972478,0.946890171,50.38425675,
50.377306,-4.150385,0.953355329,0.013470848,0.992243404,0.952710033,50.37681201,
50.383502,-4.165836,0.953384895,0.018960991,0.999663197,0.952739987,50.38403369,
50.382761,-4.164936,0.947608463,0.018304371,0.999230248,0.946888032,50.38324228,
50.378873,-4.16207,0.947600083,0.01485927,0.997852168,0.946879543,50.37904569,
50.378545,-4.15917,0.953370876,0.014568646,0.996458706,0.952725784,50.37853523,
50.37785,-4.15819,0.947593725,0.013952848,0.995988032,0.946873102,50.37778803,
50.377737,-4.158681,0.947594354,0.013852726,0.996223835,0.94687374,50.37769427,
50.381684,-4.164156,0.953380985,0.01735003,0.998855101,0.952736027,50.38205458,
50.383097,-4.165474,0.947609406,0.018602108,0.999489044,0.946888988,50.38361925,
50.377417,-4.14785,0.953352229,0.013569197,0.991028693,0.952706892,50.37680366,
50.378527,-4.159774,0.953371707,0.014552697,0.996748851,0.952726626,50.37854611,
50.377835,-4.154568,0.947583323,0.013939558,0.994249419,0.946862565,50.37759469,
50.383631,-4.165893,0.951469003,0.019075302,0.99969062,0.950798939,50.38417966,
50.383869,-4.166092,0.953385726,0.019286203,0.999786364,0.95274083,50.38442913,
50.383169,-4.165575,0.953384288,0.01866591,0.999537632,0.952739373,50.38367347,
50.379333,-4.162444,0.953376268,0.015266855,0.998031948,0.952731247,50.37951803,
50.380948,-4.163614,0.953379615,0.016697865,0.998594463,0.952734638,50.38126018,
50.378574,-4.161717,0.953374358,0.014594341,0.997682499,0.952729312,50.37869059,
50.37745,-4.149215,0.947577032,0.013598436,0.991682676,0.946856193,50.37693077,
50.383861,-4.166078,0.95146943,0.019279114,0.999779628,0.950799372,50.3844287,
50.378023,-4.156962,0.951446919,0.014106132,0.995398404,0.950776565,50.37789096,
50.380759,-4.163538,0.951463319,0.016530394,0.998557919,0.950793181,50.38106789,
50.377472,-4.148997,0.947576785,0.013617929,0.991578216,0.946855943,50.37694305,
50.3701,-4.12684,0.004328892,0.007086616,0.980989774,0.004266347,50.37029239,
50.378538,-4.159683,0.951455995,0.014562443,0.996705134,0.950785761,50.37856171,
50.377119,-4.145928,0.953350162,0.013305162,0.990108212,0.952704798,50.37639877,
50.377239,-4.146687,0.953350971,0.013411485,0.99047166,0.952705617,50.37656107,
50.379355,-4.162452,0.947601139,0.015286349,0.998035793,0.946880613,50.37956723,
50.377303,-4.150509,0.953355554,0.01346819,0.992302841,0.952710261,50.37681495,
50.37803,-4.157389,0.953367146,0.014112334,0.995603409,0.952722006,50.37791061,
50.377422,-4.14768,0.947575145,0.013573627,0.99094726,0.946854282,50.37682642,
50.378527,-4.159772,0.95145613,0.014552697,0.99674789,0.950785897,50.37855461,
50.377229,-4.151297,0.953356318,0.013402625,0.992680594,0.952711034,50.37677637,
50.383798,-4.166034,0.95146934,0.019223287,0.999758458,0.95079928,50.38436081,
50.377992,-4.157103,0.95336308,0.014078665,0.995466097,0.952717886,50.37785695,
50.377716,-4.158795,0.947594489,0.01383412,0.996278588,0.946873876,50.37767796,
50.378089,-4.156662,0.953362631,0.014164611,0.995254385,0.95271743,50.37793649,
50.3794,-4.16249,0.953376402,0.015326221,0.998054061,0.952731383,50.37959018,
50.37673,-4.144867,0.953348791,0.012960501,0.989600262,0.952703409,50.37594112,
50.379146,-4.162353,0.953375841,0.015101162,0.997988203,0.952730814,50.3793185,
50.380699,-4.16345,0.947603834,0.016477229,0.998515605,0.946883344,50.38101823,
50.37751,-4.148682,0.947576448,0.013651598,0.991427286,0.946855602,50.37696726,
50.378159,-4.156808,0.94758703,0.014226633,0.995324473,0.946866321,50.37804253,
50.378296,-4.158472,0.953369662,0.014348021,0.996123459,0.952724555,50.37824123,
50.377121,-4.146149,0.953350342,0.013306934,0.990214031,0.95270498,50.37641167,
50.378516,-4.161071,0.953373527,0.01454295,0.997372035,0.95272847,50.37859835,
50.377439,-4.147079,0.947574426,0.01358869,0.990659396,0.946853553,50.37681474,
50.383477,-4.165814,0.95338485,0.018938838,0.999652613,0.952739942,50.38400653,
50.3859,-4.06035,0.666454114,0.021085988,0.949555721,0.663228384,50.38251747,
50.383424,-4.165758,0.951468598,0.018891873,0.999625671,0.950798529,50.38395708,
50.378538,-4.160872,0.953373347,0.014562443,0.997276407,0.952728288,50.37861152,
50.378002,-4.157356,0.953367348,0.014087525,0.995587565,0.95272221,50.37787978,
50.380088,-4.163018,0.951461836,0.015935835,0.998307897,0.950791678,50.38034239,
50.381104,-4.163738,0.95146397,0.016836095,0.99865409,0.950793841,50.3814376,
50.380153,-4.163051,0.951461948,0.01599343,0.998323763,0.950791792,50.38041181,
50.377275,-4.151618,0.953356722,0.013443382,0.992834496,0.952711444,50.37684008,
50.380494,-4.163318,0.95146269,0.016295582,0.998452137,0.950792543,50.38078064,
51.2377,-0.205665,0.516680911,0.782310538,0,0.513057158,51.19840022,
50.379852,-4.162857,0.947602127,0.015726723,0.998230493,0.946881614,50.38010556,
50.384229,-4.166427,0.951470171,0.019605214,0.999947551,0.950800123,50.38482977,
50.378015,-4.157289,0.951447368,0.014099044,0.995555397,0.950777021,50.37789867,
50.377474,-4.148052,0.947575617,0.013619701,0.991125459,0.946854759,50.37689887,
50.377478,-4.153613,0.953358901,0.013623245,0.993791258,0.952713652,50.37714961,
50.383827,-4.166036,0.953385591,0.019248985,0.999759421,0.952740693,50.38438256,
50.382085,-4.164422,0.953381727,0.017705358,0.998983028,0.952736778,50.38248596,
50.3735,-4.13807,0.347905604,0.010098768,0.986349308,0.344613496,50.3740978,
50.382731,-4.1649,0.947608395,0.018277788,0.999212932,0.946887963,50.38320921,
50.378032,-4.155101,0.947584896,0.014114106,0.994505172,0.946864159,50.37782631,
50.380936,-4.163637,0.951463656,0.016687231,0.998605523,0.950793522,50.38125739,
50.379185,-4.162372,0.951460016,0.015135719,0.997997337,0.950789835,50.37936871,
50.380497,-4.163334,0.953378739,0.016298241,0.99845983,0.952733751,50.38077596,
50.379281,-4.162384,0.953376133,0.01522078,0.998003105,0.95273111,50.37946084,
50.379669,-4.162722,0.947601768,0.015564572,0.998165591,0.94688125,50.37990804,
50.377754,-4.154518,0.953360069,0.013867789,0.994225429,0.952714836,50.37748188,
50.3701,-4.12684,0.737596943,0.007086616,0.980989774,0.734788341,50.36900627,
50.380725,-4.163436,0.953379188,0.016500267,0.998508874,0.952734206,50.38101881,
50.3698,-4.14152,0.734613145,0.006820847,0.98799875,0.731784097,50.36941962,
50.377596,-4.159353,0.94759523,0.013727796,0.99654661,0.946874627,50.3775802,
50.38192,-4.164339,0.953381435,0.01755915,0.99894311,0.952736482,50.38230976,
50.382433,-4.164682,0.951466621,0.018013725,0.999108077,0.950796526,50.38287037,
50.377101,-4.146256,0.953350566,0.013289214,0.990265267,0.952705207,50.37639604,
50.381579,-4.163974,0.951464847,0.01725699,0.998767577,0.950794728,50.38194469,
50.377508,-4.148632,0.947576403,0.013649826,0.99140333,0.946855556,50.37696273,
50.3898,-4.05876,0.233779976,0.024542205,0.948810277,0.231180637,50.38743024,
50.380873,-4.163559,0.947604171,0.016631408,0.998568017,0.946883685,50.3812051,
50.380755,-4.163484,0.947603947,0.01652685,0.998531954,0.946883457,50.38107832,
50.3859,-4.06035,0.578976274,0.021085988,0.949555721,0.575438993,50.38277442,
50.377554,-4.153765,0.947582245,0.013690583,0.993864173,0.946861473,50.37726221,
50.377634,-4.159103,0.947594938,0.013761465,0.996426524,0.946874331,50.37760756,
50.378533,-4.161304,0.951458062,0.014558013,0.997484008,0.950787855,50.37863613,
50.3701,-4.12684,0.341717884,0.007086616,0.980989774,0.338453645,50.37001451,
50.377553,-4.159614,0.947595544,0.013689697,0.996671987,0.946874946,50.37754816,
50.382236,-4.164477,0.951466239,0.017839161,0.99900948,0.95079614,50.38265478,
50.380062,-4.163002,0.951461791,0.015912797,0.998300205,0.950791633,50.38031448,
50.377359,-4.152185,0.947580447,0.013517808,0.993106371,0.946859652,50.37698136,
50.381156,-4.163761,0.953379997,0.016882171,0.998665149,0.952735025,50.38148438,
50.380525,-4.163346,0.951462757,0.016323051,0.9984656,0.950792612,50.38081435,
50.377495,-4.146838,0.947574067,0.013638307,0.990543975,0.946853189,50.37686135,
50.379968,-4.162892,0.95337766,0.015829507,0.99824732,0.952732658,50.38020242,
50.382054,-4.164392,0.95146588,0.017677889,0.998968599,0.950795775,50.38246075,
50.377579,-4.148247,0.947576021,0.013712734,0.991218877,0.946855169,50.37701793,
50.383475,-4.165796,0.951468711,0.018937065,0.999643953,0.950798643,50.38401215,
50.37741,-4.153033,0.953358272,0.013562995,0.993513054,0.952713015,50.37705025,
50.383506,-4.1658,0.947610192,0.018964535,0.999645877,0.946889784,50.38406195,
50.377426,-4.14795,0.953352341,0.013577171,0.991076597,0.952707006,50.37681794,
50.377401,-4.149567,0.953354453,0.013555021,0.991851357,0.952709145,50.37687103,
50.381621,-4.164091,0.953380851,0.017294206,0.998823842,0.95273589,50.38198566,
50.377535,-4.146895,0.947573999,0.013673748,0.990571273,0.946853121,50.37690587,
50.378142,-4.15627,0.953362181,0.014211571,0.995066215,0.952716975,50.37797253,
50.378144,-4.156214,0.953362136,0.014213343,0.995039335,0.95271693,50.37797187,
50.382498,-4.164723,0.953382693,0.018071322,0.999127797,0.952737757,50.38293159,
50.378185,-4.156528,0.94758667,0.01424967,0.995190059,0.946865956,50.37805591,
50.383102,-4.165497,0.951468014,0.018606539,0.999500109,0.950797938,50.38360834,
50.381001,-4.163659,0.947604441,0.016744827,0.998616102,0.946883958,50.38134354,
50.37735,-4.150081,0.947577998,0.013509833,0.992097695,0.946857172,50.37686888,
50.381614,-4.164001,0.951464914,0.017288003,0.998780561,0.950794797,50.38198253,
50.381513,-4.16395,0.951464712,0.017198507,0.998756035,0.950794592,50.38187467,
50.378074,-4.157085,0.947587367,0.01415132,0.995457455,0.946866662,50.37796746,
50.38104,-4.163678,0.947604508,0.016779385,0.998625238,0.946884026,50.38138515,
50.376221,-4.144276,0.953347376,0.012509523,0.989317379,0.952701975,50.37538131,
50.377501,-4.159877,0.947595859,0.013643623,0.996798333,0.946875264,50.37750684,
50.377333,-4.152442,0.953357621,0.013494771,0.993229614,0.952712355,50.37694096,
50.377975,-4.155059,0.953360833,0.014063602,0.994485017,0.95271561,50.37773893,
50.37887,-4.162107,0.953375077,0.014856611,0.997869953,0.952730041,50.37901852,
50.377819,-4.158297,0.94759386,0.013925381,0.996039416,0.946873239,50.37776095,
50.377935,-4.154919,0.953360609,0.014028161,0.994417838,0.952715382,50.37769034,
50.378526,-4.161594,0.953374066,0.014551811,0.997623382,0.952729016,50.37863448,
50.3777,-4.154407,0.951443009,0.013819943,0.994172172,0.950772605,50.37742871,
50.378547,-4.15911,0.953370808,0.014570418,0.996429886,0.952725716,50.37853437,
50.379453,-4.16255,0.95337656,0.015373182,0.998082904,0.952731543,50.37964841,
50.381137,-4.163766,0.951464038,0.016865336,0.998667554,0.950793909,50.3814734,
50.3859,-4.06035,0.755824953,0.021085988,0.949555721,0.753146866,50.38221782,
50.37792,-4.154806,0.951443616,0.01401487,0.994363616,0.95077322,50.37767775,
50.381446,-4.163962,0.94760534,0.017139139,0.998761806,0.946884868,50.38182263,
50.376965,-4.145286,0.953349398,0.013168715,0.989800841,0.952704024,50.37620673,
50.377815,-4.154526,0.947583278,0.013921837,0.994229267,0.94686252,50.37757176,
50.379713,-4.162696,0.953377144,0.015603559,0.998153092,0.952732135,50.37992679,
50.377326,-4.15153,0.947579728,0.013488569,0.992792304,0.946858924,50.37691484,
50.378528,-4.159321,0.953371055,0.014553583,0.996531238,0.952725966,50.37852491,
50.378166,-4.156751,0.947586962,0.014232836,0.995297109,0.946866252,50.37804703,
50.377165,-4.146447,0.953350768,0.013345919,0.990356729,0.952705412,50.37647214,
50.379463,-4.162542,0.947601363,0.015382043,0.998079058,0.94688084,50.37968431,
50.378043,-4.157032,0.951446963,0.014123853,0.99543201,0.950776611,50.37791526,
50.378049,-4.157467,0.947587884,0.014129169,0.99564086,0.946867185,50.37796013,
50.3698,-4.14152,0.732025987,0.006820847,0.98799875,0.72917942,50.36942856,
50.378023,-4.157347,0.953367079,0.014106132,0.995583244,0.952721937,50.37790125,
50.38316,-4.165559,0.951468127,0.018657934,0.999529935,0.950798051,50.38367189,
50.378122,-4.155927,0.953361822,0.01419385,0.994901581,0.952716611,50.37793484,
50.378522,-4.161174,0.953373639,0.014548267,0.997421533,0.952728584,50.37860967,
50.377468,-4.149035,0.953353914,0.013614384,0.991596424,0.952708599,50.37691487,
50.384307,-4.166301,0.947611653,0.019674334,0.999886924,0.946891263,50.3849222,
50.378523,-4.161422,0.953373886,0.014549153,0.997540717,0.952728834,50.3786229,
50.379465,-4.162522,0.951460555,0.015383815,0.998069444,0.950790381,50.37966815,
50.3775,-4.161059,0.947597364,0.013642737,0.997366268,0.946876789,50.37756386,
50.37738,-4.160891,0.947597072,0.013536414,0.997285537,0.946876493,50.37743044,
50.377784,-4.154559,0.951443234,0.01389437,0.994245101,0.950772833,50.37752378,
51.4787,-3.17941,0.922405136,1,0.581274408,0.921366516,51.49731577,
50.38055,-4.163372,0.951462825,0.016345203,0.998478101,0.95079268,50.38084171,
50.377303,-4.15033,0.953355262,0.01346819,0.992217041,0.952709965,50.37680619,
50.37842,-4.161745,0.947599162,0.01445789,0.997695956,0.94687861,50.3785572,
50.378187,-4.156324,0.947586446,0.014251442,0.995092135,0.946865729,50.37804799,
50.378179,-4.156375,0.947586491,0.014244354,0.995116616,0.946865774,50.37804214,
50.379184,-4.162362,0.953375931,0.015134832,0.99799253,0.952730905,50.37935858,
50.377542,-4.159656,0.947595589,0.01367995,0.996692163,0.946874991,50.37753875,
50.378529,-4.160691,0.95145732,0.014554469,0.997189432,0.950787104,50.37860184,
50.377129,-4.145969,0.953350184,0.013314022,0.990127843,0.95270482,50.3764112,
50.378177,-4.15642,0.947586558,0.014242582,0.995138217,0.946865843,50.37804227,
50.379607,-4.162671,0.947601633,0.015509636,0.998141073,0.946881113,50.37984086,
50.382614,-4.164717,0.947608103,0.018174112,0.999124911,0.946887668,50.38307816,
50.3701,-4.12684,0.419305626,0.007086616,0.980989774,0.415772326,50.36987495,
50.383219,-4.165616,0.951468239,0.018710216,0.999557356,0.950798165,50.38373624,
50.376486,-4.144452,0.953348095,0.012744315,0.989401618,0.952702704,50.37566632,
50.378871,-4.162108,0.95145932,0.014857497,0.997870434,0.950789129,50.3790282,
50.377609,-4.154149,0.953359575,0.013739314,0.994048391,0.952714335,50.37731254,
50.377405,-4.149697,0.947577572,0.013558565,0.991913658,0.946856739,50.37690744,
50.379634,-4.16266,0.951460892,0.01553356,0.998135785,0.950790723,50.37985122,
50.377566,-4.148336,0.953353105,0.013701215,0.991261515,0.95270778,50.37698286,
51.4536,-2.59252,0.840872539,0.977280123,0.385666257,0.83893086,51.45247772,
50.382681,-4.164888,0.953383097,0.018233482,0.99920716,0.952738166,50.38313061,
50.382728,-4.164934,0.953383187,0.018275129,0.999229286,0.952738258,50.3831819,
50.384119,-4.166334,0.951469946,0.019507738,0.999902802,0.950799895,50.38471044,
50.377465,-4.147597,0.94757501,0.013611726,0.990907502,0.946854145,50.37686721,
50.382579,-4.164699,0.947608058,0.018143098,0.999116253,0.946887622,50.38304076,
50.379718,-4.162713,0.951461072,0.015607989,0.998161264,0.950790905,50.37994144,
50.377948,-4.15497,0.953360676,0.014039679,0.99444231,0.95271545,50.3777064,
50.378523,-4.160963,0.953373437,0.014549153,0.997320136,0.952728379,50.37860035,
50.378798,-4.162061,0.953374987,0.014792816,0.997847842,0.952729949,50.37894115,
50.378844,-4.162043,0.947600015,0.014833574,0.99783919,0.946879475,50.37901411,
50.380636,-4.163394,0.953379008,0.016421406,0.998488679,0.952734024,50.3809239,
50.38025,-4.163121,0.947602958,0.016079379,0.998357418,0.946882456,50.3805337,
50.380118,-4.163035,0.951461881,0.015962417,0.99831607,0.950791724,50.38037452,
50.377316,-4.150281,0.953355194,0.013479709,0.992193555,0.952709896,50.37681735,
50.377899,-4.158011,0.947593455,0.013996264,0.995902073,0.946872829,50.37783035,
50.378576,-4.161779,0.947599431,0.014596113,0.997712298,0.946878883,50.37872159,
50.377276,-4.151572,0.953356677,0.013444268,0.992812441,0.952711399,50.37683887,
50.382206,-4.164448,0.953381929,0.017812577,0.998995532,0.952736983,50.38261346,
50.378551,-4.158631,0.953370224,0.014573962,0.996199821,0.952725124,50.37851502,
50.3859,-4.06035,0.326709657,0.021085988,0.949555721,0.32351763,50.38331397,
50.377875,-4.158074,0.953368696,0.013974999,0.995932326,0.952723576,50.37778255,
50.378524,-4.161234,0.953373706,0.014550039,0.997450367,0.952728652,50.37861471,
50.378624,-4.161856,0.951458803,0.014638643,0.997749307,0.950788606,50.37875818,
50.377583,-4.154069,0.953359463,0.013716278,0.994010011,0.952714221,50.37728149,
50.382147,-4.164437,0.951466037,0.017760297,0.998990242,0.950795935,50.38255997,
50.38327,-4.165658,0.951468329,0.018755409,0.999577562,0.950798256,50.38379151,
50.383244,-4.165638,0.951468284,0.018732369,0.99956794,0.950798211,50.3837634,
50.377508,-4.159821,0.947595792,0.013649826,0.99677143,0.946875196,50.37751139,
50.377586,-4.159407,0.947595297,0.013718936,0.996572549,0.946874695,50.37757242,
50.377527,-4.148545,0.953353352,0.01366666,0.991361647,0.95270803,50.37695242,
50.376423,-4.144333,0.953347938,0.012688496,0.989344661,0.952702544,50.37559479,
50.383329,-4.165697,0.95338458,0.01880769,0.999596324,0.952739669,50.38384638,
50.379105,-4.162283,0.953375728,0.015064834,0.997954554,0.952730701,50.37927229,
50.383826,-4.166057,0.951469385,0.019248099,0.999769524,0.950799326,50.38439115,
50.377802,-4.158346,0.947593927,0.013910318,0.996062948,0.946873307,50.37774562,
50.377369,-4.160811,0.947596937,0.013526668,0.997247094,0.946876357,50.37741504,
50.382888,-4.165101,0.9476088,0.018416909,0.999309615,0.946888373,50.38338288,
50.381788,-4.164138,0.951465318,0.017442185,0.998846444,0.950795206,50.38217078,
50.37729,-4.14688,0.953351195,0.013456672,0.990564089,0.952705845,50.37662371,
50.377293,-4.150782,0.947578875,0.01345933,0.992433704,0.946858059,50.37684377,
50.382367,-4.164592,0.947607699,0.017955241,0.99906479,0.946887258,50.38281435,
50.383109,-4.165512,0.953384176,0.018612742,0.999507325,0.952739259,50.38360778,
50.377287,-4.151937,0.953357014,0.013454014,0.992987451,0.95271174,50.37686823,
50.378349,-4.158516,0.953369752,0.014394981,0.996144591,0.952724646,50.37829867,
50.384062,-4.166276,0.951469812,0.019457228,0.999874895,0.950799758,50.38464812,
50.382425,-4.164652,0.947607856,0.018006636,0.999093648,0.946887417,50.38287781,
50.379998,-4.16296,0.947602442,0.015856089,0.998280012,0.946881933,50.38026292,
50.377462,-4.146849,0.947574112,0.013609068,0.990549243,0.946853235,50.37682747,
50.379275,-4.162404,0.951460151,0.015215464,0.998012719,0.950789971,50.37946416,
50.381332,-4.163863,0.947605093,0.017038124,0.998714198,0.946884618,50.38169884,
50.377254,-4.150867,0.953355913,0.013424775,0.992474451,0.952710625,50.37678138,
50.3823,-4.13397,0,0.017895872,0.984390889,0,50.38336486,
50.378816,-4.162027,0.94759997,0.014808765,0.9978315,0.946879429,50.37898412,
50.378147,-4.161541,0.947598667,0.014216001,0.997597909,0.946878109,50.37826241,
50.382906,-4.165137,0.95146752,0.018432859,0.999326932,0.950797437,50.38338616,
50.3701,-4.12684,0.276080613,0.007086616,0.980989774,0.27318041,50.37011049,
50.384297,-4.166463,0.951470306,0.019665472,0.999964874,0.950800259,50.38490248,
50.382616,-4.164835,0.953382962,0.018175884,0.999181667,0.95273803,50.38306019,
50.378201,-4.158404,0.953369505,0.014263847,0.996090802,0.952724396,50.3781388,
50.379008,-4.162231,0.953375369,0.014978887,0.997929558,0.952730336,50.37916856,
50.37854,-4.159271,0.953370988,0.014564215,0.996507221,0.952725898,50.37853497,
50.377883,-4.157859,0.953368449,0.013982087,0.995829084,0.952723326,50.37778034,
50.38141,-4.163931,0.951464554,0.017107239,0.998746898,0.950794432,50.38176629,
50.377915,-4.157493,0.953367888,0.01401044,0.995653344,0.952722757,50.37779576,
50.381127,-4.163743,0.953379952,0.016856475,0.998656494,0.95273498,50.38145324,
50.378575,-4.158749,0.953370381,0.014595227,0.996256495,0.952725283,50.37854585,
50.381831,-4.164223,0.947606081,0.017480287,0.998887322,0.946885619,50.38223708,
50.383319,-4.165687,0.947609855,0.018798829,0.999591513,0.946889443,50.38386131,
50.377937,-4.157393,0.953367798,0.014029933,0.99560533,0.952722666,50.3778138,
50.3701,-4.12684,0.991714367,0.007086616,0.980989774,0.991595129,50.36797089,
50.383029,-4.165401,0.951467857,0.018541852,0.999453927,0.950797778,50.38352746,
50.377868,-4.157714,0.953368247,0.013968797,0.995759458,0.952723121,50.37775758,
50.378524,-4.160594,0.951457208,0.014550039,0.997142823,0.95078699,50.37859186,
50.377428,-4.147133,0.947574494,0.013578943,0.990685259,0.946853622,50.3768059,
50.377343,-4.151833,0.947580043,0.013503631,0.992937584,0.946859243,50.37694742,
50.37745,-4.153412,0.953358699,0.013598436,0.993694841,0.952713447,50.37711055,
50.377286,-4.151985,0.953357059,0.013453128,0.993010467,0.952711786,50.37686954,
50.377357,-4.149971,0.95335488,0.013516036,0.992044974,0.952709578,50.37684493,
50.381838,-4.164265,0.953381255,0.01748649,0.998907521,0.9527363,50.38222058,
50.377213,-4.146726,0.947573955,0.013388448,0.990490337,0.946853075,50.37656173,
50.378181,-4.156638,0.947586805,0.014246126,0.995242864,0.946866093,50.37805713,
50.379918,-4.162889,0.947602262,0.015785203,0.998245877,0.94688175,50.38017598,
50.378527,-4.161539,0.953373976,0.014552697,0.997596948,0.952728925,50.37863282,
50.377394,-4.149795,0.947577684,0.013548819,0.991960624,0.946856853,50.37690077,
50.381698,-4.164054,0.951465116,0.017362436,0.998806048,0.950795001,50.38207276,
50.381442,-4.163968,0.953380514,0.017135594,0.998764691,0.952735549,50.38179289,
50.377975,-4.15721,0.953363215,0.014063602,0.995517468,0.952718022,50.37784447,
50.377842,-4.16129,0.947598038,0.01394576,0.99747728,0.946877472,50.37793194,
50.377355,-4.150644,0.947578807,0.013514264,0.992367552,0.946857991,50.37690167,
50.37853,-4.159729,0.951456062,0.014555355,0.996727232,0.950785829,50.37855563,
50.3701,-4.12684,0.475710946,0.007086616,0.980989774,0.472091716,50.36975572,
50.380121,-4.163046,0.947602711,0.015965076,0.998321359,0.946882206,50.38039545,
50.381761,-4.164268,0.953381143,0.01741826,0.998908964,0.952736186,50.38214041,
50.383016,-4.165384,0.947609204,0.018530332,0.999445749,0.946888783,50.38353033,
,,,,,,,
50.377449,-4.149154,0.953354048,0.01359755,0.991653446,0.952708735,50.37690088,
50.381219,-4.163795,0.947604823,0.016937995,0.998681499,0.946884345,50.38157763,
50.377326,-4.151576,0.947579773,0.013488569,0.992814359,0.94685897,50.37691709,
50.3701,-4.12684,0.018311224,0.007086616,0.980989774,0.018050373,50.3702915,
50.378526,-4.160637,0.951457253,0.014551811,0.997163484,0.950787035,50.37859606,
50.382361,-4.164605,0.953382311,0.017949925,0.999071042,0.95273737,50.38278287,
50.377289,-4.151429,0.947579571,0.013455786,0.992743879,0.946858765,50.37687129,
50.378843,-4.162095,0.951459275,0.014832688,0.997864185,0.950789084,50.37899836,
50.378095,-4.158312,0.953369258,0.014169927,0.99604662,0.952724145,50.37802371,
50.377618,-4.154254,0.95144274,0.013747289,0.994098766,0.950772332,50.37733568,
50.377479,-4.148974,0.953353846,0.013624131,0.991567195,0.952708531,50.37692335,
50.382315,-4.164532,0.953382131,0.017909163,0.999035932,0.952737188,50.3827313,
50.377998,-4.155103,0.953360901,0.014083981,0.994506132,0.952715678,50.37776508,
50.380634,-4.163408,0.9476037,0.016419634,0.998495411,0.946883207,50.38094837,
50.378124,-4.155559,0.95336144,0.014195622,0.994724963,0.952716224,50.37791888,
50.384383,-4.166536,0.951470441,0.019741681,1,0.950800396,50.38499578,
50.38255,-4.164692,0.947608013,0.0181174,0.999112887,0.946887577,50.38301017,
50.378694,-4.161958,0.95145896,0.014700667,0.997798334,0.950788765,50.3788362,
50.377218,-4.15096,0.947578964,0.013392878,0.992519033,0.94685815,50.37677426,
50.377743,-4.154471,0.953360002,0.013858043,0.994202879,0.952714767,50.3774681,
50.3859,-4.06035,0.98643965,0.021085988,0.949555721,0.986245542,50.38127119,
50.382142,-4.16442,0.953381817,0.017755866,0.998982066,0.952736869,50.38254532,
50.377562,-4.159574,0.9475955,0.013697671,0.996652772,0.9468749,50.37755559,
50.377599,-4.154107,0.95335953,0.013730454,0.994028241,0.952714289,50.37730005,
50.381959,-4.164357,0.953381502,0.017593709,0.998951767,0.95273655,50.38235133,
50.376512,-4.144541,0.95334823,0.012767351,0.989444217,0.95270284,50.37569779,
50.377364,-4.15223,0.947580492,0.013522238,0.99312795,0.946859698,50.37698878,
50.377434,-4.149317,0.953354206,0.01358426,0.991731554,0.952708895,50.37689321,
50.379069,-4.162255,0.951459747,0.015032936,0.997941095,0.950789562,50.37924196,
50.38147,-4.163988,0.953380559,0.017160405,0.998774309,0.952735594,50.38182308,
50.37735,-4.150209,0.947578133,0.013509833,0.992159045,0.946857308,50.37687515,
50.382863,-4.165079,0.95146743,0.018394756,0.999299032,0.950797346,50.38333845,
50.3701,-4.12684,0.875635823,0.007086616,0.980989774,0.874055591,50.3684815,
50.383299,-4.165682,0.953384535,0.018781106,0.999589108,0.952739623,50.38381435,
50.377428,-4.147875,0.947575347,0.013578943,0.991040669,0.946854486,50.37684222,
50.379643,-4.162699,0.9476017,0.015541535,0.998154534,0.946881182,50.37987979,
50.378011,-4.155002,0.947584761,0.0140955,0.994457666,0.946864022,50.37779955,
50.382685,-4.164815,0.94760826,0.018237026,0.999172047,0.946887827,50.38315705,
50.381656,-4.164114,0.953380918,0.017325219,0.998834903,0.952735959,50.3820233,
50.382327,-4.164522,0.947607564,0.017919797,0.999031123,0.946887121,50.38276918,
50.377511,-4.153771,0.953359081,0.013652484,0.993867051,0.952713834,50.37719178,
50.380898,-4.163582,0.947604239,0.01665356,0.998579076,0.946883753,50.38123231,
50.37965,-4.162647,0.953377031,0.015547737,0.998129535,0.952732021,50.37985867,
50.378294,-4.16167,0.947598959,0.014346249,0.997659909,0.946878405,50.37842208,
50.37858,-4.1601,0.951456624,0.014599657,0.996905469,0.950786398,50.378626,
50.377545,-4.14685,0.947574044,0.013682609,0.990549721,0.946853166,50.37691409,
50.377469,-4.153568,0.953358856,0.01361527,0.993769672,0.952713607,50.37713802,
50.379815,-4.162848,0.94760206,0.015693938,0.998226166,0.946881546,50.38006652,
50.377397,-4.147645,0.953352004,0.013551477,0.990930495,0.952706664,50.37677276,
50.377389,-4.149674,0.953354565,0.013544388,0.991902635,0.952709259,50.37686376,
50.383654,-4.165895,0.953385276,0.019095683,0.999691583,0.952740374,50.38419516,
50.3701,-4.12684,0.297373389,0.007086616,0.980989774,0.294341391,50.37008158,
50.377387,-4.14972,0.95335461,0.013542616,0.99192468,0.952709305,50.37686393,
50.378109,-4.155365,0.947585233,0.014182331,0.994631861,0.9468645,50.37791958,
50.378144,-4.15561,0.947585592,0.014213343,0.994749439,0.946864864,50.3779681,
50.378265,-4.158447,0.953369618,0.014320553,0.996111453,0.952724509,50.37820766,
50.377833,-4.15463,0.951443391,0.013937785,0.994279167,0.950772992,50.37757837,
50.377418,-4.152927,0.947581278,0.013570083,0.993462214,0.946860494,50.37707927,
50.382373,-4.164628,0.951466509,0.017960558,0.999082105,0.950796413,50.38280512,
50.377574,-4.148292,0.95335306,0.013708303,0.991240435,0.952707734,50.37698905,
50.378014,-4.155142,0.953360946,0.014098158,0.994524846,0.952715723,50.37778368,
50.3898,-4.05876,0.233779347,0.024542205,0.948810277,0.231180012,50.38743024,
50.378526,-4.1603,0.951456871,0.014551811,0.99700156,0.950786648,50.3785795,
50.380461,-4.163263,0.94760334,0.016266342,0.998425692,0.946882843,50.38076078,
50.377318,-4.152295,0.953357418,0.013481481,0.99315912,0.95271215,50.37691811,
50.377402,-4.147429,0.953351779,0.013555907,0.990827032,0.952706437,50.3767674,
50.378471,-4.159684,0.95337146,0.014503078,0.996705614,0.952726376,50.37848328,
50.378037,-4.15819,0.953369123,0.014118537,0.995988032,0.952724009,50.37795722,
50.380092,-4.163022,0.947602644,0.01593938,0.99830982,0.946882137,50.38036402,
50.383048,-4.165436,0.951467902,0.018558688,0.999470764,0.950797824,50.383549,
50.380605,-4.163435,0.951462959,0.016393937,0.998508393,0.950792816,50.38090218,
50.378542,-4.159241,0.951455433,0.014565987,0.99649281,0.950785192,50.37854418,
50.382958,-4.165241,0.951467655,0.018478937,0.999376959,0.950797573,50.38344553,
50.381306,-4.163883,0.951464375,0.017015085,0.998723816,0.95079425,50.38165544,
50.377393,-4.152935,0.953358182,0.013547932,0.993466051,0.952712924,50.37702771,
50.378545,-4.160755,0.953373212,0.014568646,0.997220185,0.952728151,50.37861308,
50.378122,-4.155859,0.953361754,0.01419385,0.994868944,0.952716543,50.37793151,
50.383765,-4.166035,0.947610732,0.019194045,0.99975894,0.94689033,50.3843437,
50.381999,-4.164348,0.951465768,0.017629153,0.998947438,0.950795662,50.38240121,
50.383624,-4.165882,0.953385209,0.019069099,0.999685328,0.952740306,50.38416322,
50.377225,-4.151182,0.953356183,0.01339908,0.99262546,0.952710898,50.37676657,
50.381237,-4.163839,0.95146424,0.016953945,0.998702657,0.950794114,50.3815813,
50.382268,-4.164502,0.951466284,0.017867516,0.999021504,0.950796185,50.38268939,
50.377423,-4.147732,0.947575213,0.013574513,0.990972169,0.94685435,50.37683001,
50.38353,-4.165848,0.953384939,0.018985803,0.99966897,0.952740033,50.38406349,
50.379366,-4.162464,0.953376335,0.015296095,0.998041562,0.952731315,50.37955343,
50.382576,-4.16479,0.951466891,0.018140439,0.999160023,0.9507968,50.38302485,
50.377316,-4.150713,0.947578852,0.013479709,0.992400628,0.946858037,50.37686438,
50.37858,-4.159997,0.951456467,0.014599657,0.996855984,0.950786239,50.37862094,
50.377423,-4.152981,0.947581346,0.013574513,0.993488114,0.946860563,50.37708713,
50.378036,-4.157404,0.951447525,0.014117651,0.995610611,0.95077718,50.37792622,
50.37859,-4.159987,0.953372246,0.014608518,0.99685118,0.952727173,50.37862229,
50.37742,-4.149646,0.947577527,0.013571855,0.991889216,0.946856694,50.37692059,
50.381269,-4.163859,0.951464307,0.0169823,0.998712275,0.950794182,50.38161567,
50.377409,-4.160477,0.947596511,0.013562109,0.997086605,0.946875924,50.37744035,
50.377804,-4.154602,0.951443324,0.01391209,0.994265733,0.950772924,50.37754675,
50.378534,-4.160398,0.951456983,0.014558899,0.997048647,0.950786762,50.37859266,
50.377609,-4.154011,0.947582537,0.013739314,0.993982186,0.946861769,50.37733164,
50.377622,-4.154061,0.947582626,0.013750833,0.994006173,0.94686186,50.37734765,
50.377341,-4.150105,0.953355015,0.013501859,0.992109198,0.952709714,50.3768348,
50.382704,-4.164862,0.947608328,0.018253862,0.999194654,0.946887895,50.38317918,
50.377537,-4.148079,0.947575729,0.01367552,0.991138394,0.946854873,50.3769659,
50.378563,-4.160328,0.953372673,0.014584594,0.997015014,0.952727605,50.37861088,
50.379111,-4.162204,0.947600599,0.01507015,0.997916579,0.946880066,50.37930053,
50.378578,-4.1601,0.953372426,0.014597885,0.996905469,0.952727355,50.37861532,
50.377494,-4.153412,0.94758184,0.013637421,0.993694841,0.946861063,50.37718232,
50.378077,-4.155278,0.94758512,0.014153978,0.99459011,0.946864386,50.37788193,
50.378155,-4.155945,0.947585996,0.014223089,0.994910221,0.946865274,50.37799601,
50.378536,-4.160538,0.953372943,0.014560671,0.997115915,0.952727878,50.37859303,
50.379612,-4.162625,0.953376964,0.015514067,0.998118959,0.952731952,50.37981795,
50.3698,-4.14152,0.734616335,0.006820847,0.98799875,0.731787309,50.36941961,
50.382938,-4.165203,0.953383704,0.018461215,0.99935868,0.952738781,50.38341419,
51.4787,-3.17941,0.922458561,1,0.581274408,0.921420595,51.49731554,
50.378039,-4.155143,0.94758494,0.014120309,0.994525326,0.946864204,50.37783567,
50.377699,-4.158877,0.947594578,0.013819057,0.996317972,0.946873967,50.37766426,
50.3705,-4.1327,0.148110842,0.007440976,0.983784651,0.14627991,50.37094196,
50.378034,-4.155182,0.953360991,0.014115878,0.994544041,0.952715769,50.37780651,
50.378773,-4.162038,0.953374897,0.014770665,0.997836787,0.952729858,50.37891394,
50.37801,-4.157069,0.953363035,0.014094614,0.995449773,0.95271784,50.37787406,
50.378091,-4.157033,0.947587299,0.014166383,0.99543249,0.946866594,50.37798264,
50.380461,-4.163316,0.953378671,0.016266342,0.998451175,0.952733682,50.38073752,
50.377325,-4.150705,0.953355756,0.013487683,0.992396793,0.952710465,50.3768475,
50.377116,-4.146312,0.953350634,0.013302504,0.990292082,0.952705276,50.37641443,
50.377242,-4.150948,0.953355981,0.013414143,0.992513281,0.952710693,50.37677283,
50.382493,-4.164732,0.951466734,0.018066892,0.999132126,0.95079664,50.38293541,
50.376781,-4.144925,0.953348881,0.013005688,0.989628026,0.9527035,50.37599715,
50.377861,-4.154594,0.947583368,0.013962594,0.994261894,0.946862611,50.37762308,
50.377681,-4.154361,0.951442942,0.013803109,0.994150102,0.950772537,50.37740664,
50.377329,-4.15162,0.947579818,0.013491227,0.992835455,0.946859015,50.37692238,
50.377568,-4.159517,0.947595432,0.013702987,0.99662539,0.946874832,50.37755905,
50.381324,-4.163883,0.953380289,0.017031035,0.998723816,0.952735321,50.38166562,
50.377856,-4.154735,0.947584222,0.013958164,0.994329548,0.946863476,50.37762478,
50.377433,-4.153153,0.947581548,0.013583374,0.99357061,0.946860768,50.37710599,
50.384026,-4.166204,0.947611203,0.019425327,0.999840252,0.946890808,50.38462429,
50.3701,-4.12684,0.422954827,0.007086616,0.980989774,0.419413174,50.36986768,
50.378589,-4.161765,0.953374425,0.014607632,0.997705569,0.95272938,50.3787086,
50.383601,-4.165862,0.951468935,0.019048718,0.999675706,0.950798871,50.38414684,
50.382815,-4.165008,0.947608597,0.018352222,0.99926488,0.946888168,50.38330215,
50.377581,-4.1482,0.947575976,0.013714506,0.991196361,0.946855124,50.37701772,
50.3712,-4.13912,0.29289485,0.008061113,0.986851167,0.289889479,50.37183368,
50.377844,-4.154693,0.953360339,0.013947532,0.994309396,0.952715109,50.37758434,
50.378587,-4.158897,0.953370561,0.01460586,0.996327578,0.952725465,50.37856563,
50.382612,-4.164809,0.951466958,0.018172339,0.999169161,0.950796868,50.38306334,
50.380395,-4.163257,0.951462488,0.016207861,0.998422807,0.950792338,50.38067437,
50.377672,-4.159032,0.947594781,0.013795134,0.996392421,0.946874172,50.37764371,
50.380516,-4.163318,0.947603453,0.016315076,0.998452137,0.946882957,50.38082085,
50.379845,-4.162794,0.953377413,0.01572052,0.998200205,0.952732408,50.3800693,
50.378756,-4.161976,0.947599858,0.014755602,0.997806986,0.946879315,50.37891902,
50.378573,-4.159389,0.951455635,0.014593455,0.996563903,0.950785397,50.37858378,
50.37873,-4.161956,0.947599813,0.014732564,0.997797373,0.94687927,50.37889092,
50.377533,-4.153877,0.953359216,0.013671976,0.993917901,0.952713971,50.37721993,
50.377493,-4.1489,0.947576673,0.013636535,0.991531738,0.946855829,50.3769602,
50.377298,-4.152139,0.953357216,0.01346376,0.993084313,0.952711945,50.37688961,
50.38255,-4.164775,0.951466846,0.0181174,0.999152808,0.950796754,50.38299699,
50.382914,-4.165179,0.953383636,0.018439948,0.999347135,0.952738713,50.38338798,
50.377373,-4.149826,0.953354722,0.013530212,0.991975481,0.952709418,50.37685451,
50.37749,-4.148943,0.947576718,0.013633877,0.991552341,0.946855875,50.37695918,
50.377412,-4.160974,0.947597185,0.013564767,0.997325422,0.946876607,50.3774679,
50.377365,-4.149992,0.947577909,0.013523124,0.992055039,0.946857081,50.37688017,
50.379363,-4.16246,0.951460353,0.015293437,0.998039639,0.950790176,50.37955871,
50.377197,-4.151116,0.947579077,0.013374272,0.992593819,0.946858264,50.37676,
50.383205,-4.165616,0.953384355,0.01869781,0.999557356,0.952739441,50.38371304,
50.376296,-4.144172,0.953347601,0.012575973,0.989267604,0.952702203,50.37545445,
50.377877,-4.16132,0.947598106,0.013976771,0.997491697,0.94687754,50.37796992,
50.38093,-4.163609,0.947604306,0.016681915,0.998592059,0.946883821,50.38126701,
50.381801,-4.164253,0.953381188,0.017453704,0.99890175,0.952736232,50.3821814,
50.383066,-4.165441,0.947609339,0.018574639,0.999473169,0.946888919,50.38358529,
50.378643,-4.16189,0.951458848,0.014655478,0.997765649,0.950788651,50.37877967,
50.382924,-4.165165,0.947608889,0.018448809,0.999340401,0.946888464,50.38342358,
50.377204,-4.146534,0.953350836,0.013380474,0.99039839,0.952705481,50.37651708,
50.377278,-4.150479,0.953355464,0.01344604,0.992288461,0.952710169,50.37678741,
